Phase,Combo,Step,Model,N_Features,RMSE,R2,MAPE,MAE,TrainSec,Source
P1,P1_S1+v42,2단계(초기+풀충전),LinearReg,4,0.035429985504177,0.060833122919302096,0.004248859041160621,0.021186685467889384,0.0,base
P1,P1_S1+v42,2단계(초기+풀충전),SVR,4,0.034832994146034385,0.09221619291816707,0.003975633779884666,0.019804447332069527,0.02,base
P1,P1_S1+v42,2단계(초기+풀충전),RandomForest,4,0.03776455865056114,-0.06701283869323871,0.004631074905804718,0.023114591500687003,0.16,base
P1,P1_S1+v42,2단계(초기+풀충전),XGBoost,4,0.041566025350222004,-0.29264066523629384,0.005161308227234665,0.025767727782176057,0.17,base
P1,P1_S1+v42,2단계(초기+풀충전),LightGBM,4,0.03968139872979648,-0.17807994378001046,0.005050132935527121,0.02520752177904145,0.07,base
P1,P1_S1+v42,2단계(초기+풀충전),CatBoost,4,0.036452238826999085,0.005856145838202598,0.004432505999769498,0.02211399010810453,0.42,base
P1,P1_S1+v25,2단계(초기+완전방전),LinearReg,4,0.026102531658303407,0.49023961709540664,0.0028752186724090014,0.01434151544400527,0.0,base
P1,P1_S1+v25,2단계(초기+완전방전),SVR,4,0.024544775930193337,0.5492674090759397,0.002234202832910082,0.011134715412253693,0.02,base
P1,P1_S1+v25,2단계(초기+완전방전),RandomForest,4,0.02280389833878582,0.6109378248850816,0.0024162249810201018,0.012067070112178984,0.16,base
P1,P1_S1+v25,2단계(초기+완전방전),XGBoost,4,0.026135396734474084,0.4889551546622847,0.0026184496593829013,0.013072155802066495,0.05,base
P1,P1_S1+v25,2단계(초기+완전방전),LightGBM,4,0.027595715166844392,0.4302502735517021,0.003088602205566987,0.015409538855000255,0.06,base
P1,P1_S1+v25,2단계(초기+완전방전),CatBoost,4,0.02415646563703871,0.5634162138382733,0.0024841118758746664,0.012392056751937079,0.26,base
P1,P1_S1+v36,2단계(초기+방전중간),LinearReg,4,0.035541998899386314,0.05488530414158921,0.0042202789181761445,0.02104279312345818,0.0,base
P1,P1_S1+v36,2단계(초기+방전중간),SVR,4,0.03579722027628761,0.04126313661691794,0.004105616094360899,0.020448904214739168,0.01,base
P1,P1_S1+v36,2단계(초기+방전중간),RandomForest,4,0.037107528755406946,-0.030207917693316766,0.004684686181412252,0.02337919733859908,0.2,base
P1,P1_S1+v36,2단계(초기+방전중간),XGBoost,4,0.03792002179014136,-0.0758159391895521,0.004868639871725075,0.024311070288144616,0.06,base
P1,P1_S1+v36,2단계(초기+방전중간),LightGBM,4,0.03768761956210531,-0.06266954060780372,0.004809141913090528,0.023997102513051902,0.07,base
P1,P1_S1+v36,2단계(초기+방전중간),CatBoost,4,0.03599405422142221,0.030690763578985703,0.004387339959171461,0.021881438859922966,0.27,base
P2,P2_v42_only,1단계(풀충전만),LinearReg,2,0.0362072625781692,0.01917347737369346,0.004387012458174746,0.02187426733613954,0.0,base
P2,P2_v42_only,1단계(풀충전만),SVR,2,0.03500449860062922,0.08325501991151019,0.004080801361578097,0.020336920301311037,0.02,base
P2,P2_v42_only,1단계(풀충전만),RandomForest,2,0.03947544033674399,-0.1658825019371304,0.005046130831211944,0.025194839364176474,0.15,base
P2,P2_v42_only,1단계(풀충전만),XGBoost,2,0.03948711554961426,-0.16657224417685756,0.0049321866258564846,0.024619796356788032,0.05,base
P2,P2_v42_only,1단계(풀충전만),LightGBM,2,0.038132770673648855,-0.08792145425363707,0.004939293643032741,0.024657677076062826,0.06,base
P2,P2_v42_only,1단계(풀충전만),CatBoost,2,0.035858020143707516,0.03800363344681179,0.004411087246715975,0.022002192335158093,0.24,base
P2,P2_v25_only,1단계(완전방전만),LinearReg,2,0.026052364580321563,0.4921971754161807,0.002884026362994598,0.014385050647129928,0.0,base
P2,P2_v25_only,1단계(완전방전만),SVR,2,0.025207521304305626,0.5245978912290166,0.0027065030659168396,0.013495264650836482,0.02,base
P2,P2_v25_only,1단계(완전방전만),RandomForest,2,0.024281338077254362,0.5588908671150121,0.00271011096559654,0.013545688114316364,0.14,base
P2,P2_v25_only,1단계(완전방전만),XGBoost,2,0.02537853578487689,0.5181255033865408,0.002693405944597317,0.0134527387032142,0.06,base
P2,P2_v25_only,1단계(완전방전만),LightGBM,2,0.028542955273575907,0.3904649385855815,0.0031706140818874473,0.015818529638816695,0.07,base
P2,P2_v25_only,1단계(완전방전만),CatBoost,2,0.026799262949198183,0.46266328258347555,0.0027604348349977176,0.013766745487840024,0.22,base
P2,P2_v36_only,1단계(방전중간만),LinearReg,2,0.03670972791409526,-0.008238203032401525,0.004425925130722774,0.022067054577660557,0.0,base
P2,P2_v36_only,1단계(방전중간만),SVR,2,0.036172012910403104,0.021082319793170323,0.004175416983005753,0.020796459754866777,0.0,base
P2,P2_v36_only,1단계(방전중간만),RandomForest,2,0.0392749752413522,-0.1540713450760125,0.004926817474198464,0.024588089155388862,0.16,base
P2,P2_v36_only,1단계(방전중간만),XGBoost,2,0.03721205552758495,-0.03601999830450864,0.004729115153824283,0.02361736077161934,0.05,base
P2,P2_v36_only,1단계(방전중간만),LightGBM,2,0.03793068714596231,-0.0764211906016592,0.004807017925474046,0.023984555195313603,0.07,base
P2,P2_v36_only,1단계(방전중간만),CatBoost,2,0.03697291542514061,-0.022746996301392874,0.0044578902959172655,0.02223352986156494,0.26,base
P3,P3_all_voltage,4단계(전압만),LinearReg,4,0.026498197383659702,0.47466845547345105,0.0029091061104345433,0.014509718951633162,0.0,base
P3,P3_all_voltage,4단계(전압만),SVR,4,0.026561397886354213,0.4721595443118126,0.0027835391108705014,0.0138745311916579,0.01,base
P3,P3_all_voltage,4단계(전압만),RandomForest,4,0.02729998541601893,0.44239629845722706,0.0026668731183970193,0.013329382264532268,0.15,base
P3,P3_all_voltage,4단계(전압만),XGBoost,4,0.03120278193087937,0.27157062700974777,0.002887824652911961,0.014437804486201347,0.05,base
P3,P3_all_voltage,4단계(전압만),LightGBM,4,0.030524830444344897,0.3028803275696056,0.0030238497941153146,0.015079721650944703,0.06,base
P3,P3_all_voltage,4단계(전압만),CatBoost,4,0.02925779993632946,0.3595515929411438,0.002771448237375745,0.013858674699202203,0.24,base
P3,P3_all_impedance,4단계(임피던스만),LinearReg,4,0.035663666696962575,0.04840357296811171,0.004296599097148247,0.02142263598752173,0.0,base
P3,P3_all_impedance,4단계(임피던스만),SVR,4,0.03630400458411075,0.013925144153530411,0.00413707173711864,0.02060238980959086,0.02,base
P3,P3_all_impedance,4단계(임피던스만),RandomForest,4,0.03701647339224877,-0.02515822198250972,0.004747866806025008,0.02370458653846152,0.16,base
P3,P3_all_impedance,4단계(임피던스만),XGBoost,4,0.04083714283273722,-0.24770385296992647,0.005296613989689442,0.026452717300561722,0.07,base
P3,P3_all_impedance,4단계(임피던스만),LightGBM,4,0.040400012696979896,-0.22113539955812778,0.005159052278105657,0.02577051317560958,0.1,base
P3,P3_all_impedance,4단계(임피던스만),CatBoost,4,0.036405261400440196,0.008416878887593793,0.004526224280528611,0.02257864095865581,0.29,base
P3,P3_S1v25_volt,2단계(전압만),LinearReg,2,0.026499751202052602,0.4746068442070758,0.002913329588572414,0.014530891755991208,0.0,base
P3,P3_S1v25_volt,2단계(전압만),SVR,2,0.025295229694661917,0.5212838569628628,0.002528582171532227,0.012619850674273377,0.0,base
P3,P3_S1v25_volt,2단계(전압만),RandomForest,2,0.027327909059059918,0.44125503120047005,0.0027028606451815966,0.013496024568069458,0.16,base
P3,P3_S1v25_volt,2단계(전압만),XGBoost,2,0.02673965611734116,0.4650509094444001,0.0026363491367953798,0.013159187980798567,0.05,base
P3,P3_S1v25_volt,2단계(전압만),LightGBM,2,0.02992101716227447,0.3301870736451803,0.0030804420224356233,0.015355253883393845,0.06,base
P3,P3_S1v25_volt,2단계(전압만),CatBoost,2,0.02613609862414979,0.4889277051522597,0.002621974717882635,0.013093211779391416,0.22,base
P3,P3_S1v25_imp,2단계(임피던스만),LinearReg,2,0.035516905588282084,0.05621937008262756,0.004293445471588131,0.021408494508707385,0.0,base
P3,P3_S1v25_imp,2단계(임피던스만),SVR,2,0.034865026323716415,0.09054584197558813,0.004327090929194394,0.021578629785466867,0.02,base
P3,P3_S1v25_imp,2단계(임피던스만),RandomForest,2,0.040153034869721514,-0.20625067647375217,0.005193185480569336,0.025923411935287136,0.15,base
P3,P3_S1v25_imp,2단계(임피던스만),XGBoost,2,0.04009079957278952,-0.20251431180094648,0.005316404868681583,0.026548800978293777,0.06,base
P3,P3_S1v25_imp,2단계(임피던스만),LightGBM,2,0.0400528062860132,-0.20023619198220377,0.005215692124517777,0.026039663818350968,0.07,base
P3,P3_S1v25_imp,2단계(임피던스만),CatBoost,2,0.036071636554609765,0.026507721742586643,0.00467710592184769,0.023344524832353462,0.24,base
P3,P3_v25_volt_1,1단계(v25전압1개),LinearReg,1,0.026614675773201684,0.47003989469709495,0.0029144315954515165,0.01453550240988454,0.0,base
P3,P3_v25_volt_1,1단계(v25전압1개),SVR,1,0.026059328892490418,0.4919256476577262,0.002702856934606587,0.01348264278738676,0.01,base
P3,P3_v25_volt_1,1단계(v25전압1개),RandomForest,1,0.026659127273468183,0.4682681508139185,0.0027615080210437737,0.01379238623351068,0.15,base
P3,P3_v25_volt_1,1단계(v25전압1개),XGBoost,1,0.02651924427797669,0.4738336070996977,0.0027269315641567098,0.013616751722189072,0.04,base
P3,P3_v25_volt_1,1단계(v25전압1개),LightGBM,1,0.03027189202506349,0.31438557029500624,0.00315172269236774,0.01571322630208919,0.06,base
P3,P3_v25_volt_1,1단계(v25전압1개),CatBoost,1,0.02628202018644441,0.48320499540071793,0.0027012229490642426,0.013490745122105451,0.19,base
REF,REF_S1_only,1단계(초기만),LinearReg,2,0.03554344625979921,0.05480832763540433,0.0042218186614472195,0.021050661447570944,0.0,base
REF,REF_S1_only,1단계(초기만),SVR,2,0.03563327406751574,0.05002478563563373,0.0041153542630986166,0.02049928655027787,0.01,base
REF,REF_S1_only,1단계(초기만),RandomForest,2,0.03936172617082519,-0.15917522257885053,0.004841732622417091,0.02417352093449243,0.15,base
REF,REF_S1_only,1단계(초기만),XGBoost,2,0.0388725589358434,-0.1305429845271764,0.004799860391506179,0.023964943566689118,0.05,base
REF,REF_S1_only,1단계(초기만),LightGBM,2,0.037203625356238966,-0.035550643054904185,0.004571455485713584,0.02281569882464755,0.07,base
REF,REF_S1_only,1단계(초기만),CatBoost,2,0.03597209046434483,0.0318733576228134,0.004390742651008147,0.021909957539133315,0.24,base
REF,REF_S4_ALL,4단계(전체),LinearReg,8,0.026119530637328997,0.4895754495123942,0.002877343169932468,0.014351953449257894,0.01,base
REF,REF_S4_ALL,4단계(전체),SVR,8,0.026280178348398246,0.4832774266173425,0.002759346523388233,0.013749674125640859,0.01,base
REF,REF_S4_ALL,4단계(전체),RandomForest,8,0.023035140276700557,0.6030072819828725,0.002269619025373831,0.011333793269229534,0.18,base
REF,REF_S4_ALL,4단계(전체),XGBoost,8,0.02644792750854546,0.47665978349031735,0.0024734487846522907,0.012367729212687549,0.06,base
REF,REF_S4_ALL,4단계(전체),LightGBM,8,0.028649133849107413,0.3859216149566771,0.0030109609240617724,0.015031539645568888,0.07,base
REF,REF_S4_ALL,4단계(전체),CatBoost,8,0.0260162010670787,0.4936059679691077,0.002481349294690586,0.012386324024930518,0.28,base
P1,P1_S1+v25,2단계(초기+완전방전),FLAML(xgboost),4,0.02313496093199071,0.599559164447608,0.002640286275735657,0.013183056215139523,30.0,flaml_enhanced
REF,REF_S4_ALL,4단계(전체),FLAML(xgboost),8,0.025778881705279543,0.5028024668261258,0.0026130169192916473,0.01303438989199123,30.0,flaml_enhanced
P2,P2_v25_only,1단계(완전방전만),FLAML(rf),2,0.025303982629304042,0.5209524983527727,0.002873160712624042,0.01434647809495565,30.0,flaml_enhanced
P3,P3_S1v25_volt,2단계(전압만),FLAML(extra_tree),2,0.024895502905280406,0.536294095991088,0.0027554947722626378,0.013770313138172622,30.0,flaml_enhanced
P3,P3_v25_volt_1,1단계(v25전압1개),FLAML(extra_tree),1,0.025172910770241558,0.525902472101238,0.0026433665974403336,0.013206202207685857,30.0,flaml_enhanced
