cell_id,initial_voltage,initial_impedance,v42_voltage,v42_impedance,capacity
BS-LSBAT-S240629-0001,3.456,11.42,4.178,10.56,4.9762
BS-LSBAT-S240629-0002,3.455,11.55,4.178,10.31,4.9986
BS-LSBAT-S240629-0003,3.456,11.61,4.177,10.41,5.0045
BS-LSBAT-S240629-0004,3.456,11.51,4.178,10.44,5.0007
BS-LSBAT-S240629-0005,3.457,10.93,4.178,10.39,5.0119
BS-LSBAT-S240629-0006,3.456,11.69,4.177,11.3,4.9867
BS-LSBAT-S240629-0007,3.456,11.73,4.176,11.26,4.9792
BS-LSBAT-S240629-0008,3.456,11.73,4.178,11.22,4.9814
BS-LSBAT-S240629-0009,3.457,11.17,4.179,10.27,5.0175
BS-LSBAT-S240629-0010,3.457,11.45,4.179,10.53,4.9878
BS-LSBAT-S240629-0011,3.456,11.78,4.178,10.98,5.0074
BS-LSBAT-S240629-0012,3.455,11.48,4.178,10.37,4.9981
BS-LSBAT-S240629-0013,3.456,10.84,4.179,10.32,5.0147
BS-LSBAT-S240629-0014,3.456,11.41,4.177,10.47,5.0016
BS-LSBAT-S240629-0015,3.455,11.51,4.178,10.63,5.0051
BS-LSBAT-S240629-0016,3.456,11.43,4.178,10.52,4.9883
BS-LSBAT-S240629-0017,3.456,11.82,4.178,11.37,4.9724
BS-LSBAT-S240629-0018,3.456,11.77,4.178,11.35,4.9751
BS-LSBAT-S240629-0019,3.456,11.84,4.179,11.43,4.9822
BS-LSBAT-S240629-0020,3.456,11.0,4.179,10.32,5.0018
BS-LSBAT-S240629-0021,3.456,11.71,4.178,10.84,4.9812
BS-LSBAT-S240629-0022,3.456,11.31,4.178,10.41,4.9924
BS-LSBAT-S240629-0023,3.456,11.28,4.178,10.24,4.9861
BS-LSBAT-S240629-0024,3.456,11.59,4.179,10.55,4.9799
BS-LSBAT-S240629-0025,3.456,11.31,4.179,10.61,5.0064
BS-LSBAT-S240629-0026,3.456,11.31,4.179,10.31,5.0028
BS-LSBAT-S240629-0027,3.456,11.76,4.178,11.5,4.9876
BS-LSBAT-S240629-0028,3.456,11.54,4.19,11.45,4.9992
BS-LSBAT-S240629-0029,3.456,11.41,4.179,10.55,5.001
BS-LSBAT-S240629-0030,3.456,10.88,4.178,10.35,5.0089
BS-LSBAT-S240629-0031,3.456,11.73,4.178,11.2,4.9986
BS-LSBAT-S240629-0032,3.457,10.74,4.178,10.33,5.0783
BS-LSBAT-S240629-0033,3.456,11.58,4.179,10.58,5.0084
BS-LSBAT-S240629-0034,3.455,11.26,4.179,10.32,5.0122
BS-LSBAT-S240629-0035,3.455,11.37,4.18,10.71,5.0355
BS-LSBAT-S240629-0036,3.456,11.37,4.179,10.43,4.9373
BS-LSBAT-S240629-0037,3.456,11.55,4.179,11.18,4.9925
BS-LSBAT-S240629-0038,3.456,11.8,4.179,11.27,4.9821
BS-LSBAT-S240629-0039,3.457,11.54,4.179,10.43,4.9983
BS-LSBAT-S240629-0040,3.456,11.39,4.179,10.48,5.006
BS-LSBAT-S240629-0041,3.456,11.13,4.179,10.58,5.024
BS-LSBAT-S240629-0042,3.456,10.97,4.179,10.3,5.031
BS-LSBAT-S240629-0043,3.455,11.32,4.179,10.42,5.0079
BS-LSBAT-S240629-0044,3.455,11.5,4.179,10.46,4.9937
BS-LSBAT-S240629-0045,3.455,11.5,4.178,10.64,4.9965
BS-LSBAT-S240629-0046,3.456,11.3,4.179,10.45,5.0044
BS-LSBAT-S240629-0047,3.456,11.71,4.178,11.15,4.9814
BS-LSBAT-S240629-0048,3.456,11.67,4.179,11.26,4.9884
BS-LSBAT-S240629-0049,3.457,11.39,4.179,10.38,5.0273
BS-LSBAT-S240629-0050,3.457,11.42,4.18,10.41,5.0395
BS-LSBAT-S240629-0051,3.456,11.52,4.179,10.58,5.0106
BS-LSBAT-S240629-0052,3.456,11.18,4.178,10.55,5.0264
BS-LSBAT-S240629-0053,3.455,11.57,4.179,10.72,5.0189
BS-LSBAT-S240629-0054,3.456,11.33,4.178,10.37,5.0159
BS-LSBAT-S240629-0055,3.456,11.57,4.178,10.32,5.005
BS-LSBAT-S240629-0056,3.455,11.13,4.178,10.33,5.0191
BS-LSBAT-S240629-0057,3.456,11.63,4.179,11.43,4.9881
BS-LSBAT-S240629-0058,3.456,11.58,4.179,11.36,4.9916
BS-LSBAT-S240629-0059,3.457,11.65,4.179,10.46,5.0038
BS-LSBAT-S240629-0060,3.457,11.36,4.179,10.48,5.0122
BS-LSBAT-S240629-0061,3.456,11.46,4.18,10.53,4.9998
BS-LSBAT-S240629-0062,3.456,11.66,4.177,10.75,5.013
BS-LSBAT-S240629-0063,3.455,11.41,4.179,10.54,5.0075
BS-LSBAT-S240629-0064,3.457,10.72,4.179,10.32,5.0068
BS-LSBAT-S240629-0065,3.457,11.02,4.178,10.37,5.0179
BS-LSBAT-S240629-0066,3.457,10.82,4.179,10.42,5.0138
BS-LSBAT-S240629-0067,3.456,11.68,4.179,11.19,4.9967
BS-LSBAT-S240629-0068,3.455,11.58,4.179,11.28,4.9849
BS-LSBAT-S240629-0069,3.456,11.06,4.178,10.31,5.0259
BS-LSBAT-S240629-0070,3.457,11.22,4.179,10.47,5.0106
BS-LSBAT-S240629-0071,3.456,11.67,4.179,10.59,4.9967
BS-LSBAT-S240629-0072,3.454,11.44,4.178,10.42,5.0002
BS-LSBAT-S240629-0073,3.457,10.84,4.178,10.37,5.0348
BS-LSBAT-S240629-0074,3.456,11.4,4.178,10.45,5.0269
BS-LSBAT-S240629-0075,3.457,11.09,4.178,10.5,5.0506
BS-LSBAT-S240629-0076,3.456,10.9,4.178,10.44,5.0042
BS-LSBAT-S240629-0077,3.456,11.76,4.179,11.27,5.0004
BS-LSBAT-S240629-0078,3.456,11.76,4.178,11.6,5.0354
BS-LSBAT-S240629-0079,3.456,11.16,4.177,10.37,5.0116
BS-LSBAT-S240629-0080,3.457,11.21,4.178,10.52,5.0063
BS-LSBAT-S240629-0081,3.456,11.45,4.179,10.75,5.0064
BS-LSBAT-S240629-0082,3.456,11.84,4.179,11.44,5.0466
BS-LSBAT-S240629-0083,3.456,10.97,4.178,10.47,5.0275
BS-LSBAT-S240629-0084,3.454,11.15,4.178,10.57,5.0283
BS-LSBAT-S240629-0085,3.457,11.32,4.178,10.44,5.0176
BS-LSBAT-S240629-0086,3.456,11.37,4.178,10.57,5.0331
BS-LSBAT-S240629-0087,3.456,11.87,4.178,11.35,5.0017
BS-LSBAT-S240629-0088,3.456,11.83,4.176,11.36,5.007
BS-LSBAT-S240629-0089,3.456,11.54,4.177,11.45,5.0327
BS-LSBAT-S240629-0090,3.456,11.02,4.179,10.48,5.01
BS-LSBAT-S240629-0091,3.456,11.39,4.179,10.89,5.01
BS-LSBAT-S240629-0092,3.456,11.59,4.179,11.52,4.9993
BS-LSBAT-S240629-0093,3.456,11.47,4.178,10.68,5.025
BS-LSBAT-S240629-0094,3.455,11.32,4.179,10.48,5.0315
BS-LSBAT-S240629-0095,3.456,11.28,4.178,10.47,5.0375
BS-LSBAT-S240629-0096,3.456,11.49,4.177,10.68,5.0107
BS-LSBAT-S240629-0097,3.456,11.69,4.177,11.27,5.0022
BS-LSBAT-S240629-0098,3.456,11.86,4.177,11.53,5.0182
BS-LSBAT-S240629-0099,3.456,11.75,4.177,11.65,5.0064
BS-LSBAT-S240629-0100,3.457,11.73,4.178,10.61,5.0264
BS-LSBAT-S240629-0101,3.457,11.48,4.178,10.57,5.0381
BS-LSBAT-S240629-0102,3.455,11.44,4.176,10.78,5.0131
BS-LSBAT-S240629-0103,3.456,11.4,4.176,10.79,5.0241
BS-LSBAT-S240629-0104,3.457,10.94,4.176,10.48,5.0387
BS-LSBAT-S240629-0105,3.457,10.96,4.178,10.58,5.0395
BS-LSBAT-S240629-0106,3.456,11.7,4.177,10.92,5.0234
BS-LSBAT-S240629-0107,3.456,11.78,4.178,11.62,5.0097
BS-LSBAT-S240629-0108,3.456,11.68,4.177,11.49,5.0101
BS-LSBAT-S240629-0109,3.456,11.57,4.178,11.46,5.0082
BS-LSBAT-S240629-0110,3.456,11.08,4.178,10.42,5.0354
BS-LSBAT-S240629-0111,3.456,11.3,4.176,10.57,5.0077
BS-LSBAT-S240629-0112,3.456,11.7,4.176,10.84,5.0073
BS-LSBAT-S240629-0113,3.456,11.4,4.177,10.64,5.0312
BS-LSBAT-S240629-0114,3.456,11.43,4.177,10.88,5.0374
BS-LSBAT-S240629-0115,3.456,11.49,4.178,10.62,5.0382
BS-LSBAT-S240629-0116,3.456,11.24,4.177,10.43,5.0401
BS-LSBAT-S240629-0117,3.456,11.7,4.177,11.37,5.0056
BS-LSBAT-S240629-0118,3.456,11.75,4.178,11.45,5.0143
BS-LSBAT-S240629-0119,3.456,11.71,4.177,11.54,5.0084
BS-LSBAT-S240629-0120,3.457,11.49,4.177,10.34,5.0404
BS-LSBAT-S240629-0121,3.456,11.15,4.179,10.57,5.0197
BS-LSBAT-S240629-0122,3.456,11.52,4.18,10.38,5.0291
BS-LSBAT-S240629-0123,3.456,11.32,4.18,10.57,5.0291
BS-LSBAT-S240629-0124,3.455,11.38,4.181,10.66,5.0383
BS-LSBAT-S240629-0125,3.456,11.13,4.18,10.58,5.0282
BS-LSBAT-S240629-0126,3.455,11.18,4.179,10.59,5.0508
BS-LSBAT-S240629-0127,3.456,11.75,4.179,11.34,5.0233
BS-LSBAT-S240629-0128,3.456,11.85,4.18,11.42,5.0107
BS-LSBAT-S240629-0129,3.456,11.71,4.181,11.27,5.0211
BS-LSBAT-S240629-0130,3.457,10.98,4.18,10.45,5.0518
BS-LSBAT-S240629-0131,3.457,11.24,4.18,10.72,5.0478
BS-LSBAT-S240629-0132,3.457,10.98,4.18,10.58,5.0325
BS-LSBAT-S240629-0133,3.457,11.04,4.181,10.68,5.049
BS-LSBAT-S240629-0134,3.457,11.06,4.181,10.61,5.0451
BS-LSBAT-S240629-0135,3.457,11.19,4.18,10.66,5.0327
BS-LSBAT-S240629-0136,3.457,10.89,4.179,10.54,5.0287
BS-LSBAT-S240629-0137,3.457,10.79,4.18,10.48,5.0468
BS-LSBAT-S240629-0138,3.457,11.07,4.18,10.68,5.05
BS-LSBAT-S240629-0139,3.457,10.93,4.18,10.54,5.0623
BS-LSBAT-S240629-0140,3.457,10.79,4.181,10.57,5.0471
BS-LSBAT-S240629-0141,3.457,11.19,4.18,10.76,5.0437
BS-LSBAT-S240629-0142,3.457,11.19,4.182,10.5,5.0468
BS-LSBAT-S240629-0143,3.457,11.14,4.181,10.54,5.0515
BS-LSBAT-S240629-0144,3.457,11.06,4.18,10.56,5.0444
BS-LSBAT-S240629-0145,3.457,10.83,4.18,10.28,5.0105
BS-LSBAT-S240629-0146,3.457,10.96,4.18,10.43,5.035
BS-LSBAT-S240629-0147,3.457,10.95,4.18,10.31,5.0404
BS-LSBAT-S240629-0148,3.457,10.99,4.18,10.58,5.0358
BS-LSBAT-S240629-0149,3.457,11.11,4.18,10.61,5.0123
BS-LSBAT-S240629-0150,3.457,11.18,4.18,10.58,5.0197
BS-LSBAT-S240629-0151,3.457,10.97,4.18,10.5,5.0183
BS-LSBAT-S240629-0152,3.457,11.02,4.18,10.41,5.0126
BS-LSBAT-S240629-0153,3.457,11.34,4.18,10.53,5.0431
BS-LSBAT-S240629-0154,3.457,11.02,4.18,10.51,5.0259
BS-LSBAT-S240629-0155,3.457,10.96,4.18,10.65,5.0452
BS-LSBAT-S240629-0156,3.457,11.16,4.18,10.49,5.0186
BS-LSBAT-S240629-0157,3.457,11.03,4.18,10.34,5.0236
BS-LSBAT-S240629-0158,3.457,11.15,4.18,10.4,5.0163
BS-LSBAT-S240629-0159,3.457,11.49,4.18,10.69,5.0039
BS-LSBAT-S240629-0160,3.457,10.91,4.18,10.58,5.0088
BS-LSBAT-S240629-0161,3.457,11.06,4.18,10.55,5.0196
BS-LSBAT-S240629-0162,3.457,11.1,4.18,10.6,5.0176
BS-LSBAT-S240629-0163,3.457,11.17,4.18,10.43,5.0138
BS-LSBAT-S240629-0164,3.457,10.75,4.18,10.28,5.0289
BS-LSBAT-S240629-0165,3.457,11.27,4.18,10.54,5.0285
BS-LSBAT-S240629-0166,3.457,11.25,4.18,10.62,5.0358
BS-LSBAT-S240629-0167,3.457,10.9,4.18,10.52,5.04
BS-LSBAT-S240629-0168,3.457,11.13,4.18,10.55,5.031
BS-LSBAT-S240629-0169,3.457,11.09,4.18,10.57,5.0127
BS-LSBAT-S240629-0170,3.457,10.86,4.18,10.42,5.0281
BS-LSBAT-S240629-0171,3.457,11.11,4.18,10.69,5.0378
BS-LSBAT-S240629-0172,3.457,11.0,4.18,10.59,5.0281
BS-LSBAT-S240629-0173,3.457,11.19,4.18,10.55,5.0144
BS-LSBAT-S240629-0174,3.457,10.92,4.18,10.52,5.0247
BS-LSBAT-S240629-0175,3.457,11.22,4.18,10.43,5.0272
BS-LSBAT-S240629-0176,3.457,11.27,4.18,10.57,5.028
BS-LSBAT-S240629-0177,3.457,11.27,4.19,10.52,5.0351
BS-LSBAT-S240629-0178,3.457,11.19,4.18,10.58,5.0263
BS-LSBAT-S240629-0179,3.457,11.19,4.18,10.59,5.0301
BS-LSBAT-S240629-0180,3.457,11.13,4.18,10.56,5.0287
BS-LSBAT-S240629-0181,3.457,11.02,4.18,10.62,5.0275
BS-LSBAT-S240629-0182,3.457,11.32,4.18,10.65,5.0335
BS-LSBAT-S240629-0183,3.457,11.01,4.19,10.47,5.0222
BS-LSBAT-S240629-0184,3.457,11.12,4.18,10.48,5.0202
BS-LSBAT-S240629-0185,3.457,11.16,4.18,10.48,5.0171
BS-LSBAT-S240629-0186,3.456,11.14,4.18,10.48,5.0225
BS-LSBAT-S240629-0187,3.457,11.21,4.18,10.59,5.0337
BS-LSBAT-S240629-0188,3.457,11.26,4.18,10.64,5.0313
BS-LSBAT-S240629-0189,3.457,11.2,4.18,10.6,5.019
BS-LSBAT-S240629-0190,3.457,10.92,4.18,10.49,5.0254
BS-LSBAT-S240629-0191,3.457,11.03,4.18,10.5,5.0297
BS-LSBAT-S240629-0192,3.457,11.41,4.18,10.66,5.0154
BS-LSBAT-S240629-0193,3.457,11.27,4.18,10.62,5.0193
BS-LSBAT-S240629-0194,3.457,11.04,4.18,10.45,5.0297
BS-LSBAT-S240629-0195,3.457,11.23,4.18,10.73,5.0245
BS-LSBAT-S240629-0196,3.457,11.06,4.19,10.63,5.0436
BS-LSBAT-S240629-0197,3.457,11.13,4.18,10.68,5.0444
BS-LSBAT-S240629-0198,3.457,11.24,4.18,10.6,5.0467
BS-LSBAT-S240629-0199,3.457,11.16,4.18,10.63,5.0369
BS-LSBAT-S240629-0200,3.457,10.85,4.18,10.51,5.0374
BS-LSBAT-S240629-0201,3.457,11.04,4.19,10.72,5.0404
BS-LSBAT-S240629-0202,3.457,10.98,4.18,10.47,5.0386
BS-LSBAT-S240629-0203,3.457,11.18,4.18,10.75,5.0374
BS-LSBAT-S240629-0204,3.457,10.98,4.18,10.61,5.0258
BS-LSBAT-S240629-0205,3.457,11.28,4.18,10.68,5.027
BS-LSBAT-S240629-0206,3.457,11.1,4.18,10.68,5.0243
BS-LSBAT-S240629-0207,3.457,11.19,4.18,10.67,5.0377
BS-LSBAT-S240629-0208,3.457,11.12,4.18,10.47,5.0239
BS-LSBAT-S240629-0209,3.457,11.01,4.18,10.61,5.024
BS-LSBAT-S240629-0210,3.457,10.92,4.18,10.48,5.0501
BS-LSBAT-S240629-0211,3.457,11.19,4.18,10.76,5.0348
BS-LSBAT-S240629-0212,3.457,11.36,4.18,10.5,5.0203
BS-LSBAT-S240629-0213,3.457,11.22,4.18,10.55,5.019
BS-LSBAT-S240629-0214,3.457,11.13,4.18,10.56,5.0269
BS-LSBAT-S240629-0215,3.457,11.22,4.18,10.67,5.0292
BS-LSBAT-S240629-0216,3.457,11.18,4.18,10.54,5.0337
BS-LSBAT-S240629-0217,3.457,11.15,4.17,10.99,5.0499
BS-LSBAT-S240629-0218,3.457,11.1,4.17,10.75,5.0471
BS-LSBAT-S240629-0219,3.457,11.02,4.17,10.75,5.0424
BS-LSBAT-S240629-0220,3.457,10.97,4.17,10.71,5.0655
BS-LSBAT-S240629-0221,3.457,10.98,4.17,10.85,5.0704
BS-LSBAT-S240629-0222,3.457,11.12,4.17,10.92,5.0431
BS-LSBAT-S240629-0223,3.457,11.11,4.17,10.87,5.0718
BS-LSBAT-S240629-0224,3.457,10.97,4.17,10.67,5.0597
BS-LSBAT-S240629-0225,3.457,11.29,4.17,10.82,5.0531
BS-LSBAT-S240629-0226,3.457,11.0,4.17,10.9,5.0573
BS-LSBAT-S240629-0227,3.457,11.33,4.17,10.93,5.0685
BS-LSBAT-S240629-0228,3.457,11.5,4.17,10.84,5.052
BS-LSBAT-S240629-0229,3.457,11.04,4.18,10.9,5.0766
BS-LSBAT-S240629-0230,3.457,11.21,4.18,10.76,5.0668
BS-LSBAT-S240629-0231,3.457,11.23,4.17,11.0,5.0693
BS-LSBAT-S240629-0232,3.457,11.27,4.17,10.89,5.0542
BS-LSBAT-S240629-0233,3.457,11.21,4.17,10.87,5.0607
BS-LSBAT-S240629-0234,3.457,11.09,4.17,10.79,5.058
BS-LSBAT-S240629-0235,3.457,11.22,4.18,10.81,5.061
BS-LSBAT-S240629-0236,3.457,11.39,4.18,10.9,5.0524
BS-LSBAT-S240629-0237,3.457,11.25,4.17,10.96,5.0761
BS-LSBAT-S240629-0238,3.457,10.97,4.18,10.84,5.0495
BS-LSBAT-S240629-0239,3.457,11.14,4.17,10.87,5.0471
BS-LSBAT-S240629-0240,3.457,11.03,4.17,10.81,5.0522
BS-LSBAT-S240629-0241,3.457,11.24,4.18,10.77,5.0425
BS-LSBAT-S240629-0242,3.457,11.31,4.18,10.76,5.0371
BS-LSBAT-S240629-0243,3.457,10.81,4.18,10.66,5.0334
BS-LSBAT-S240629-0244,3.457,11.07,4.18,10.64,5.04
BS-LSBAT-S240629-0245,3.457,11.16,4.18,10.71,5.035
BS-LSBAT-S240629-0246,3.457,10.94,4.18,10.67,5.044
BS-LSBAT-S240629-0247,3.457,11.04,4.18,10.71,5.0335
BS-LSBAT-S240629-0248,3.457,11.19,4.18,10.69,5.0399
BS-LSBAT-S240629-0249,3.457,10.93,4.18,10.66,5.0313
BS-LSBAT-S240629-0250,3.457,11.14,4.18,10.68,5.036
BS-LSBAT-S240629-0251,3.457,11.23,4.18,10.64,5.0439
BS-LSBAT-S240629-0252,3.457,11.28,4.18,10.69,5.0444
BS-LSBAT-S240629-0253,3.457,11.04,4.18,10.68,5.0595
BS-LSBAT-S240629-0254,3.457,11.07,4.18,10.77,5.054
BS-LSBAT-S240629-0255,3.457,11.16,4.18,10.72,5.0243
BS-LSBAT-S240629-0256,3.457,10.96,4.18,10.63,5.0314
BS-LSBAT-S240629-0257,3.457,11.06,4.18,10.59,5.0368
BS-LSBAT-S240629-0258,3.457,10.98,4.18,10.64,5.0401
BS-LSBAT-S240629-0259,3.457,11.05,4.18,10.64,5.0584
BS-LSBAT-S240629-0260,3.457,11.05,4.18,10.68,5.0419
BS-LSBAT-S240629-0261,3.46,11.55,4.18,10.68,5.0392
BS-LSBAT-S240629-0262,3.46,11.68,4.18,10.57,5.0391
BS-LSBAT-S240629-0263,3.46,11.45,4.18,10.73,5.0671
BS-LSBAT-S240629-0264,3.46,11.52,4.18,10.52,5.0267
BS-LSBAT-S240629-0265,3.46,12.04,4.18,10.5,5.0206
BS-LSBAT-S240629-0266,3.46,11.49,4.18,10.63,5.0513
BS-LSBAT-S240629-0267,3.46,11.8,4.18,10.56,5.0348
BS-LSBAT-S240629-0268,3.46,11.78,4.18,10.56,5.0422
BS-LSBAT-S240629-0269,3.46,11.77,4.18,10.77,5.0384
BS-LSBAT-S240629-0270,3.46,11.68,4.18,10.4,5.0262
BS-LSBAT-S240629-0271,3.46,11.53,4.18,10.63,5.0441
BS-LSBAT-S240629-0272,3.46,11.63,4.18,10.74,5.0434
BS-LSBAT-S240629-0273,3.46,11.82,4.18,10.64,5.0544
BS-LSBAT-S240629-0274,3.46,11.58,4.18,10.63,5.0549
BS-LSBAT-S240629-0275,3.46,11.75,4.18,10.46,5.0509
BS-LSBAT-S240629-0276,3.46,11.59,4.18,10.46,5.0488
BS-LSBAT-S240629-0277,3.46,11.76,4.18,10.73,5.0473
BS-LSBAT-S240629-0278,3.46,11.59,4.18,10.64,5.0332
BS-LSBAT-S240629-0279,3.46,11.83,4.18,10.64,5.0251
BS-LSBAT-S240629-0280,3.46,12.12,4.18,10.37,5.0086
BS-LSBAT-S240629-0281,3.46,11.81,4.18,10.69,5.0274
BS-LSBAT-S240629-0282,3.46,11.6,4.18,10.66,5.0379
BS-LSBAT-S240629-0283,3.46,11.71,4.18,10.76,5.0484
BS-LSBAT-S240629-0284,3.46,11.86,4.18,10.61,5.0361
BS-LSBAT-S240629-0285,3.46,12.01,4.18,10.48,5.0294
BS-LSBAT-S240629-0286,3.46,11.58,4.18,10.64,5.0489
BS-LSBAT-S240629-0287,3.46,11.78,4.18,10.58,5.0474
BS-LSBAT-S240629-0288,3.46,11.67,4.18,10.44,5.0302
BS-LSBAT-S240629-0289,3.46,11.89,4.19,10.54,5.0244
BS-LSBAT-S240629-0290,3.46,11.69,4.19,10.47,5.0227
BS-LSBAT-S240629-0291,3.46,11.69,4.19,10.66,5.0297
BS-LSBAT-S240629-0292,3.46,11.58,4.19,10.57,5.0459
BS-LSBAT-S240629-0293,3.46,11.88,4.19,10.6,5.0455
BS-LSBAT-S240629-0294,3.46,11.75,4.19,10.66,5.0324
BS-LSBAT-S240629-0295,3.46,11.91,4.19,10.52,5.0232
BS-LSBAT-S240629-0296,3.46,11.72,4.19,10.59,5.0509
BS-LSBAT-S240629-0297,3.46,11.77,4.19,10.6,5.0613
BS-LSBAT-S240629-0298,3.46,11.58,4.19,10.57,5.0363
BS-LSBAT-S240629-0299,3.46,11.75,4.19,10.73,5.0447
BS-LSBAT-S240629-0300,3.46,12.01,4.19,10.63,5.0324
BS-LSBAT-S240629-0301,3.46,11.69,4.19,10.69,5.065
BS-LSBAT-S240629-0302,3.46,11.45,4.19,10.64,5.0541
BS-LSBAT-S240629-0303,3.45,12.01,4.19,10.53,5.038
BS-LSBAT-S240629-0304,3.46,11.59,4.19,10.55,5.0288
BS-LSBAT-S240629-0305,3.46,12.06,4.17,10.44,5.0108
BS-LSBAT-S240629-0306,3.46,11.87,4.179,10.71,5.0428
BS-LSBAT-S240629-0307,3.46,11.94,4.178,10.55,5.0383
BS-LSBAT-S240629-0308,3.46,11.67,4.179,10.51,5.0259
BS-LSBAT-S240629-0309,3.46,11.49,4.179,10.65,5.0444
BS-LSBAT-S240629-0310,3.46,12.04,4.177,10.67,5.0149
BS-LSBAT-S240629-0311,3.46,11.41,4.178,10.58,5.0355
BS-LSBAT-S240629-0312,3.46,11.56,4.178,10.69,5.0545
BS-LSBAT-S240629-0313,3.46,11.62,4.179,10.52,5.0247
BS-LSBAT-S240629-0314,3.46,11.76,4.179,10.77,5.0267
BS-LSBAT-S240629-0315,3.46,11.47,4.179,10.53,5.0338
BS-LSBAT-S240629-0316,3.46,11.87,4.179,10.75,5.0225
BS-LSBAT-S240629-0317,3.46,12.03,4.179,10.68,5.0437
BS-LSBAT-S240629-0318,3.46,11.84,4.178,10.54,5.0385
BS-LSBAT-S240629-0319,3.46,11.76,4.177,10.48,5.0207
BS-LSBAT-S240629-0320,3.46,11.8,4.177,10.39,5.0038
BS-LSBAT-S240629-0321,3.46,11.47,4.179,10.65,5.0206
BS-LSBAT-S240629-0322,3.46,11.78,4.179,10.65,5.0251
BS-LSBAT-S240629-0323,3.46,11.72,4.179,10.7,5.0349
BS-LSBAT-S240629-0324,3.46,11.61,4.18,10.7,5.0323
BS-LSBAT-S240629-0325,3.46,11.87,4.179,10.6,5.0122
BS-LSBAT-S240629-0326,3.46,11.6,4.179,10.57,5.0166
BS-LSBAT-S240629-0327,3.46,11.48,4.179,10.6,5.0344
BS-LSBAT-S240629-0328,3.46,11.56,4.18,10.53,5.0192
BS-LSBAT-S240629-0329,3.46,11.55,4.18,10.63,5.0185
BS-LSBAT-S240629-0330,3.46,12.25,4.179,11.31,4.9989
BS-LSBAT-S240629-0331,3.46,11.74,4.18,10.59,5.0279
BS-LSBAT-S240629-0332,3.46,11.84,4.18,10.56,5.0358
BS-LSBAT-S240629-0333,3.46,11.58,4.181,10.67,5.0357
BS-LSBAT-S240629-0334,3.46,11.73,4.179,10.8,5.0449
BS-LSBAT-S240629-0335,3.46,11.82,4.179,10.44,5.0368
BS-LSBAT-S240629-0336,3.46,11.61,4.178,10.72,5.0193
BS-LSBAT-S240629-0337,3.46,11.42,4.175,10.7,5.0338
BS-LSBAT-S240629-0338,3.46,11.61,4.175,10.82,5.0416
BS-LSBAT-S240629-0339,3.46,11.68,4.175,10.76,4.9474
BS-LSBAT-S240629-0340,3.46,12.14,4.175,11.23,5.0098
BS-LSBAT-S240629-0341,3.46,11.37,4.175,10.68,5.0375
BS-LSBAT-S240629-0342,3.46,11.79,4.174,10.75,5.031
BS-LSBAT-S240629-0343,3.46,11.69,4.175,10.8,5.0482
BS-LSBAT-S240629-0344,3.46,11.63,4.175,10.79,5.0339
BS-LSBAT-S240629-0345,3.46,12.16,4.176,10.68,5.0168
BS-LSBAT-S240629-0346,3.46,11.82,4.176,10.81,5.03
BS-LSBAT-S240629-0347,3.46,11.73,4.175,10.7,5.0366
BS-LSBAT-S240629-0348,3.46,11.67,4.176,10.72,5.0288
BS-LSBAT-S240629-0349,3.46,11.75,4.176,10.73,5.0232
BS-LSBAT-S240629-0350,3.46,12.11,4.175,11.37,5.0086
BS-LSBAT-S240629-0351,3.46,11.82,4.175,10.86,5.0195
BS-LSBAT-S240629-0352,3.46,11.76,4.175,10.73,5.0424
BS-LSBAT-S240629-0353,3.46,11.74,4.177,10.71,5.0346
BS-LSBAT-S240629-0354,3.46,11.7,4.178,10.71,5.0358
BS-LSBAT-S240629-0355,3.46,11.95,4.176,10.61,5.0202
BS-LSBAT-S240629-0356,3.46,12.02,4.177,10.84,5.0376
BS-LSBAT-S240629-0357,3.46,11.77,4.177,10.63,5.0342
BS-LSBAT-S240629-0358,3.46,11.74,4.176,10.68,5.028
BS-LSBAT-S240629-0359,3.46,11.55,4.176,10.73,5.056
BS-LSBAT-S240629-0360,3.46,11.97,4.176,11.2,5.0147
BS-LSBAT-S240629-0361,3.46,11.51,4.177,10.75,5.0351
BS-LSBAT-S240629-0362,3.46,11.79,4.177,10.61,5.0642
BS-LSBAT-S240629-0363,3.46,11.53,4.177,10.69,5.0566
BS-LSBAT-S240629-0364,3.46,11.55,4.177,10.63,5.0521
BS-LSBAT-S240629-0365,3.46,12.11,4.178,10.67,5.0407
BS-LSBAT-S240629-0366,3.46,11.45,4.177,10.7,5.0744
BS-LSBAT-S240629-0367,3.46,11.68,4.177,10.65,5.0448
BS-LSBAT-S240629-0368,3.46,11.72,4.177,10.58,5.0432
BS-LSBAT-S240629-0369,3.46,11.77,4.177,10.69,5.0464
BS-LSBAT-S240629-0370,3.46,11.77,4.178,10.71,5.034
BS-LSBAT-S240629-0371,3.46,11.65,4.177,10.7,5.0366
BS-LSBAT-S240629-0372,3.46,11.6,4.178,10.62,5.0604
BS-LSBAT-S240629-0373,3.46,11.67,4.178,10.57,5.0426
BS-LSBAT-S240629-0374,3.46,11.56,4.176,10.58,5.0504
BS-LSBAT-S240629-0375,3.46,11.64,4.177,10.56,5.0418
BS-LSBAT-S240629-0376,3.46,11.68,4.177,10.79,5.0822
BS-LSBAT-S240629-0377,3.46,11.75,4.177,10.72,5.0437
BS-LSBAT-S240629-0378,3.46,11.83,4.177,10.74,5.0448
BS-LSBAT-S240629-0379,3.46,11.96,4.177,10.78,5.0667
BS-LSBAT-S240629-0380,3.46,11.64,4.177,10.64,5.0612
BS-LSBAT-S240629-0381,3.46,11.6,4.178,10.66,5.0699
BS-LSBAT-S240629-0382,3.46,11.59,4.177,10.59,5.0366
BS-LSBAT-S240629-0383,3.46,11.57,4.177,10.55,5.0384
BS-LSBAT-S240629-0384,3.46,11.57,4.176,10.62,5.0489
BS-LSBAT-S240629-0385,3.46,11.63,4.173,10.77,5.0153
BS-LSBAT-S240629-0386,3.46,11.8,4.174,10.67,5.0221
BS-LSBAT-S240629-0387,3.46,11.51,4.173,10.78,5.0305
BS-LSBAT-S240629-0388,3.46,11.85,4.174,10.73,5.0458
BS-LSBAT-S240629-0389,3.46,11.61,4.174,10.7,5.0566
BS-LSBAT-S240629-0390,3.46,11.52,4.173,10.65,5.0473
BS-LSBAT-S240629-0391,3.46,11.83,4.173,10.78,5.0195
BS-LSBAT-S240629-0392,3.46,11.31,4.173,10.51,5.0213
BS-LSBAT-S240629-0393,3.46,11.66,4.175,11.0,5.0354
BS-LSBAT-S240629-0394,3.46,11.92,4.174,10.76,5.0336
BS-LSBAT-S240629-0395,3.46,11.22,4.174,10.66,5.0146
BS-LSBAT-S240629-0396,3.46,11.59,4.174,10.65,5.0503
BS-LSBAT-S240629-0397,3.46,11.02,4.175,10.59,5.0352
BS-LSBAT-S240629-0398,3.46,11.73,4.174,10.72,5.0387
BS-LSBAT-S240629-0399,3.46,11.57,4.173,11.0,5.0376
BS-LSBAT-S240629-0400,3.46,11.75,4.173,11.28,5.0197
BS-LSBAT-S240629-0401,3.46,11.33,4.176,10.49,5.036
BS-LSBAT-S240629-0402,3.46,11.24,4.177,10.56,5.0609
BS-LSBAT-S240629-0403,3.46,11.75,4.176,11.37,5.0174
BS-LSBAT-S240629-0404,3.46,11.84,4.176,10.77,5.0314
BS-LSBAT-S240629-0405,3.46,11.75,4.177,11.15,5.0359
BS-LSBAT-S240629-0406,3.46,11.24,4.175,10.72,5.056
BS-LSBAT-S240629-0407,3.46,11.77,4.175,10.81,5.0374
BS-LSBAT-S240629-0408,3.46,11.74,4.175,10.96,5.0171
BS-LSBAT-S240629-0409,3.46,11.71,4.177,11.25,5.0172
BS-LSBAT-S240629-0410,3.46,11.79,4.176,10.9,5.0221
BS-LSBAT-S240629-0411,3.46,11.23,4.178,10.68,5.0612
BS-LSBAT-S240629-0412,3.46,11.12,4.177,10.51,5.0428
BS-LSBAT-S240629-0413,3.46,11.66,4.178,10.89,4.9858
BS-LSBAT-S240629-0414,3.46,11.71,4.178,11.41,5.0326
BS-LSBAT-S240629-0415,3.46,11.8,4.176,10.94,5.0087
BS-LSBAT-S240629-0416,3.46,11.14,4.175,10.55,5.0296
BS-LSBAT-S240629-0417,3.46,11.23,4.177,10.54,5.0355
BS-LSBAT-S240629-0418,3.46,11.72,4.178,10.53,5.0297
BS-LSBAT-S240629-0419,3.46,11.72,4.177,10.95,5.018
BS-LSBAT-S240629-0420,3.46,11.64,4.178,10.72,5.0514
BS-LSBAT-S240629-0421,3.46,11.3,4.178,10.41,5.0455
BS-LSBAT-S240629-0422,3.46,11.75,4.177,10.67,5.0107
BS-LSBAT-S240629-0423,3.46,11.56,4.177,10.78,5.0392
BS-LSBAT-S240629-0424,3.46,11.73,4.177,10.68,5.0461
BS-LSBAT-S240629-0425,3.46,11.79,4.177,10.63,5.0353
BS-LSBAT-S240629-0426,3.46,11.15,4.177,10.5,5.0418
BS-LSBAT-S240629-0427,3.46,11.77,4.178,10.74,5.023
BS-LSBAT-S240629-0428,3.46,11.19,4.177,10.41,5.0349
BS-LSBAT-S240629-0429,3.46,11.73,4.178,10.82,5.0177
BS-LSBAT-S240629-0430,3.46,11.63,4.178,11.14,5.0279
BS-LSBAT-S240629-0431,3.46,11.61,4.178,10.53,5.0526
BS-LSBAT-S240629-0432,3.46,11.61,4.176,10.49,5.0193
BS-LSBAT-S240629-0433,3.46,11.79,4.178,10.85,5.0069
BS-LSBAT-S240629-0434,3.46,11.77,4.178,10.75,5.0257
BS-LSBAT-S240629-0435,3.46,11.81,4.178,10.84,5.013
BS-LSBAT-S240629-0436,3.46,11.53,4.178,10.39,5.0497
BS-LSBAT-S240629-0437,3.46,11.42,4.178,10.43,5.012
BS-LSBAT-S240629-0438,3.46,11.14,4.177,10.42,5.0104
BS-LSBAT-S240629-0439,3.46,11.78,4.177,10.49,5.0092
BS-LSBAT-S240629-0440,3.46,11.83,4.178,10.52,5.0134
BS-LSBAT-S240629-0441,3.46,11.7,4.179,10.77,5.0065
BS-LSBAT-S240629-0442,3.46,11.3,4.179,10.3,5.0482
BS-LSBAT-S240629-0443,3.46,11.67,4.178,10.34,5.0513
BS-LSBAT-S240629-0444,3.46,11.7,4.179,10.68,5.0132
BS-LSBAT-S240629-0445,3.46,11.3,4.179,10.37,5.0472
BS-LSBAT-S240629-0446,3.46,11.52,4.176,10.33,5.024
BS-LSBAT-S240629-0447,3.46,11.14,4.179,10.39,5.0404
BS-LSBAT-S240629-0448,3.46,11.25,4.178,10.34,5.0255
BS-LSBAT-S240629-0449,3.46,11.56,4.179,10.41,5.0088
BS-LSBAT-S240629-0450,3.46,11.83,4.178,10.81,5.0371
BS-LSBAT-S240629-0451,3.46,11.9,4.178,10.48,5.0168
BS-LSBAT-S240629-0452,3.46,11.22,4.179,10.23,5.0622
BS-LSBAT-S240629-0453,3.46,11.8,4.179,10.69,5.0407
BS-LSBAT-S240629-0454,3.46,11.58,4.177,10.76,5.0379
BS-LSBAT-S240629-0455,3.46,11.81,4.178,10.96,5.0293
BS-LSBAT-S240629-0456,3.46,11.5,4.179,10.46,5.0412
BS-LSBAT-S240629-0457,3.46,11.49,4.18,10.43,5.0568
BS-LSBAT-S240629-0458,3.46,11.65,4.18,10.5,5.0536
BS-LSBAT-S240629-0459,3.46,11.8,4.18,10.46,5.0346
BS-LSBAT-S240629-0460,3.46,11.54,4.179,10.41,5.026
BS-LSBAT-S240629-0461,3.46,11.17,4.18,10.34,5.0556
BS-LSBAT-S240629-0462,3.46,11.01,4.178,10.37,5.0448
BS-LSBAT-S240629-0463,3.46,11.52,4.179,10.69,5.0259
BS-LSBAT-S240629-0464,3.46,11.78,4.178,10.46,5.0013
BS-LSBAT-S240629-0465,3.46,11.48,4.18,10.17,5.0042
BS-LSBAT-S240629-0466,3.46,10.94,4.179,10.28,5.0036
BS-LSBAT-S240629-0467,3.46,11.73,4.18,10.62,5.0122
BS-LSBAT-S240629-0468,3.46,11.56,4.181,10.43,5.0243
BS-LSBAT-S240629-0469,3.46,11.61,4.18,10.92,5.0009
BS-LSBAT-S240629-0470,3.46,11.89,4.18,10.89,4.9992
BS-LSBAT-S240629-0471,3.46,11.39,4.18,10.38,5.0111
BS-LSBAT-S240629-0472,3.46,11.45,4.18,10.29,5.0139
BS-LSBAT-S240629-0473,3.46,11.83,4.181,10.46,5.0443
BS-LSBAT-S240629-0474,3.46,11.78,4.181,10.53,4.9908
BS-LSBAT-S240629-0475,3.46,11.7,4.182,10.64,5.0225
BS-LSBAT-S240629-0476,3.46,11.66,4.18,10.39,5.0031
BS-LSBAT-S240629-0477,3.46,11.39,4.181,10.27,5.0173
BS-LSBAT-S240629-0478,3.46,11.06,4.179,10.38,5.0087
BS-LSBAT-S240629-0479,3.46,11.16,4.18,10.3,5.0039
BS-LSBAT-S240629-0480,3.46,11.67,4.179,10.56,5.0159
BS-LSBAT-S240629-0481,3.46,11.54,4.177,10.48,5.0341
BS-LSBAT-S240629-0482,3.46,11.16,4.177,10.43,5.0473
BS-LSBAT-S240629-0483,3.46,11.6,4.177,10.71,4.9334
BS-LSBAT-S240629-0484,3.46,11.89,4.178,10.83,5.0373
BS-LSBAT-S240629-0485,3.46,11.72,4.177,10.84,5.0423
BS-LSBAT-S240629-0486,3.46,11.62,4.176,10.34,5.0331
BS-LSBAT-S240629-0487,3.46,11.75,4.176,10.59,5.0289
BS-LSBAT-S240629-0488,3.46,11.4,4.176,10.4,5.0415
BS-LSBAT-S240629-0489,3.46,11.64,4.178,10.99,5.0287
BS-LSBAT-S240629-0490,3.46,11.69,4.178,10.81,5.0296
BS-LSBAT-S240629-0491,3.46,11.29,4.178,10.41,5.0565
BS-LSBAT-S240629-0492,3.46,11.42,4.177,10.47,5.0535
BS-LSBAT-S240629-0493,3.46,11.61,4.178,10.34,5.067
BS-LSBAT-S240629-0494,3.46,11.71,4.177,10.39,5.0476
BS-LSBAT-S240629-0495,3.46,11.67,4.177,10.57,5.0374
BS-LSBAT-S240629-0496,3.46,11.82,4.176,10.65,5.0269
BS-LSBAT-S240629-0497,3.46,11.13,4.178,10.45,5.045
BS-LSBAT-S240629-0498,3.46,11.38,4.178,10.41,5.0549
BS-LSBAT-S240629-0499,3.46,11.71,4.178,10.74,5.0512
BS-LSBAT-S240629-0500,3.46,11.69,4.178,10.79,5.0498
BS-LSBAT-S240629-0501,3.46,11.5,4.179,10.43,5.0557
BS-LSBAT-S240629-0502,3.46,11.65,4.178,10.42,5.0527
BS-LSBAT-S240629-0503,3.46,11.37,4.178,10.28,5.0573
BS-LSBAT-S240629-0504,3.46,11.73,4.179,10.89,5.0589
BS-LSBAT-S240629-0505,3.46,11.62,4.179,10.53,5.0499
BS-LSBAT-S240629-0506,3.46,11.16,4.18,10.47,5.0694
BS-LSBAT-S240629-0507,3.46,11.85,4.179,10.87,5.0193
BS-LSBAT-S240629-0508,3.46,11.39,4.179,10.47,5.0543
BS-LSBAT-S240629-0509,3.46,11.76,4.18,10.56,5.0679
BS-LSBAT-S240629-0510,3.46,11.7,4.178,10.79,5.0451
BS-LSBAT-S240629-0511,3.46,11.38,4.178,10.4,5.0682
BS-LSBAT-S240629-0512,3.46,11.3,4.177,10.49,5.0409
BS-LSBAT-S240629-0513,3.46,11.35,4.179,10.31,5.0482
BS-LSBAT-S240629-0514,3.46,11.57,4.179,10.72,5.0372
BS-LSBAT-S240629-0515,3.46,11.94,4.178,10.76,5.0326
BS-LSBAT-S240629-0516,3.45,11.79,4.179,10.87,5.009
BS-LSBAT-S240629-0517,3.46,11.15,4.179,10.27,5.0391
BS-LSBAT-S240629-0518,3.46,11.35,4.178,10.33,5.058
BS-LSBAT-S240629-0519,3.46,11.55,4.179,10.49,5.0373
BS-LSBAT-S240629-0520,3.46,11.53,4.179,10.46,5.0441
BS-LSBAT-S240629-0521,3.456,11.04,4.179,10.34,5.0317
BS-LSBAT-S240629-0522,3.456,10.93,4.179,10.41,5.0428
BS-LSBAT-S240629-0523,3.456,11.61,4.179,10.59,5.035
BS-LSBAT-S240629-0524,3.456,11.67,4.179,10.57,5.0218
BS-LSBAT-S240629-0525,3.456,11.59,4.179,10.84,5.0107
BS-LSBAT-S240629-0526,3.456,11.34,4.178,10.51,5.0427
BS-LSBAT-S240629-0527,3.456,11.6,4.178,10.54,5.014
BS-LSBAT-S240629-0528,3.456,10.95,4.177,10.4,5.0403
BS-LSBAT-S240629-0529,3.456,10.91,4.173,10.7,5.0248
BS-LSBAT-S240629-0530,3.455,11.45,4.174,10.62,5.0347
BS-LSBAT-S240629-0531,3.456,10.84,4.174,10.58,5.0201
BS-LSBAT-S240629-0532,3.456,10.81,4.175,10.65,5.0413
BS-LSBAT-S240629-0533,3.456,11.52,4.174,10.74,5.0264
BS-LSBAT-S240629-0534,3.457,11.63,4.173,11.14,5.0203
BS-LSBAT-S240629-0535,3.456,11.51,4.173,10.82,5.0206
BS-LSBAT-S240629-0536,3.456,10.92,4.174,10.65,5.0454
BS-LSBAT-S240629-0537,3.456,11.16,4.174,10.75,5.0461
BS-LSBAT-S240629-0538,3.456,11.06,4.175,10.7,5.0427
BS-LSBAT-S240629-0539,3.456,11.22,4.175,10.8,5.0475
BS-LSBAT-S240629-0540,3.456,11.16,4.174,10.81,5.044
BS-LSBAT-S240629-0541,3.456,10.8,4.177,10.71,5.0319
BS-LSBAT-S240629-0542,3.455,10.8,4.174,10.62,5.0609
BS-LSBAT-S240629-0543,3.456,11.78,4.174,11.45,5.0311
BS-LSBAT-S240629-0544,3.456,11.57,4.173,11.12,5.0094
BS-LSBAT-S240629-0545,3.456,11.55,4.176,11.65,5.0026
BS-LSBAT-S240629-0546,3.456,11.12,4.176,10.75,5.0278
BS-LSBAT-S240629-0547,3.456,11.27,4.175,10.72,5.0373
BS-LSBAT-S240629-0548,3.456,11.35,4.176,10.86,5.0458
BS-LSBAT-S240629-0549,3.456,11.31,4.176,10.68,5.0437
BS-LSBAT-S240629-0550,3.456,10.99,4.175,10.82,5.0261
BS-LSBAT-S240629-0551,3.456,10.86,4.177,10.68,5.0389
BS-LSBAT-S240629-0552,3.456,11.02,4.176,10.73,5.0344
BS-LSBAT-S240629-0553,3.455,11.5,4.176,10.97,5.0344
BS-LSBAT-S240629-0554,3.456,11.76,4.177,11.22,5.0054
BS-LSBAT-S240629-0555,3.456,11.6,4.177,11.49,5.0053
BS-LSBAT-S240629-0556,3.456,11.4,4.176,10.77,5.0292
BS-LSBAT-S240629-0557,3.456,10.83,4.178,10.56,5.0333
BS-LSBAT-S240629-0558,3.456,11.01,4.177,10.73,5.0421
BS-LSBAT-S240629-0559,3.456,11.19,4.175,10.76,5.0442
BS-LSBAT-S240629-0560,3.456,11.35,4.175,10.83,5.0249
BS-LSBAT-S240629-0561,3.456,10.74,4.178,10.41,5.0241
BS-LSBAT-S240629-0562,3.456,11.48,4.177,10.86,5.0177
BS-LSBAT-S240629-0563,3.456,11.51,4.177,10.61,5.0135
BS-LSBAT-S240629-0564,3.456,11.39,4.177,10.54,5.0139
BS-LSBAT-S240629-0565,3.456,11.75,4.177,11.07,5.0171
BS-LSBAT-S240629-0566,3.456,11.13,4.176,10.56,5.0356
BS-LSBAT-S240629-0567,3.456,11.12,4.177,10.65,5.0543
BS-LSBAT-S240629-0568,3.456,11.52,4.178,10.73,5.0412
BS-LSBAT-S240629-0569,3.455,11.71,4.177,11.1,5.0322
BS-LSBAT-S240629-0570,3.456,11.34,4.178,10.71,5.0407
BS-LSBAT-S240629-0571,3.455,10.92,4.178,10.53,5.0581
BS-LSBAT-S240629-0572,3.456,11.38,4.177,10.72,5.0251
BS-LSBAT-S240629-0573,3.456,11.39,4.178,10.76,5.0414
BS-LSBAT-S240629-0574,3.456,11.47,4.179,10.98,5.0188
BS-LSBAT-S240629-0575,3.456,11.72,4.178,10.98,5.0184
BS-LSBAT-S240629-0576,3.456,11.37,4.176,10.61,5.0285
BS-LSBAT-S240629-0577,3.456,10.87,4.177,10.68,5.0118
BS-LSBAT-S240629-0578,3.456,10.97,4.177,10.7,5.0214
BS-LSBAT-S240629-0579,3.456,11.53,4.176,11.53,4.9874
BS-LSBAT-S240629-0580,3.455,11.16,4.177,10.6,5.0544
BS-LSBAT-S240629-0581,3.456,10.77,4.178,10.5,5.0574
BS-LSBAT-S240629-0582,3.456,11.44,4.177,10.85,5.0089
BS-LSBAT-S240629-0583,3.456,11.47,4.177,10.95,5.005
BS-LSBAT-S240629-0584,3.456,11.65,4.177,10.9,4.9787
BS-LSBAT-S240629-0585,3.456,11.4,4.178,10.65,5.029
BS-LSBAT-S240629-0586,3.456,10.84,4.178,10.6,5.0373
BS-LSBAT-S240629-0587,3.456,10.79,4.178,10.68,5.0388
BS-LSBAT-S240629-0588,3.456,10.97,4.177,10.67,5.0171
BS-LSBAT-S240629-0589,3.456,10.94,4.178,10.62,5.028
BS-LSBAT-S240629-0590,3.452,11.25,4.176,10.56,5.0399
BS-LSBAT-S240629-0591,3.456,10.72,4.177,10.58,5.0254
BS-LSBAT-S240629-0592,3.456,11.23,4.176,10.86,4.9699
BS-LSBAT-S240629-0593,3.456,11.47,4.179,11.14,4.9728
BS-LSBAT-S240629-0594,3.456,11.61,4.179,11.03,4.98
BS-LSBAT-S240629-0595,3.456,11.43,4.178,10.72,4.9794
BS-LSBAT-S240629-0596,3.455,11.59,4.179,11.54,4.9706
BS-LSBAT-S240629-0597,3.456,11.01,4.179,10.55,5.0209
BS-LSBAT-S240629-0598,3.456,10.92,4.178,10.53,5.002
BS-LSBAT-S240629-0599,3.455,11.1,4.178,10.6,5.0189
BS-LSBAT-S240629-0600,3.456,11.09,4.178,10.59,5.0192
BS-LSBAT-S240629-0601,3.456,10.66,4.18,10.57,5.0314
BS-LSBAT-S240629-0602,3.456,10.92,4.18,10.62,5.0152
BS-LSBAT-S240629-0603,3.456,11.27,4.179,10.55,5.05
BS-LSBAT-S240629-0604,3.456,11.52,4.179,10.96,4.9871
BS-LSBAT-S240629-0605,3.456,11.19,4.18,10.72,4.9973
BS-LSBAT-S240629-0606,3.455,11.58,4.178,10.81,4.9757
BS-LSBAT-S240629-0607,3.456,10.9,4.178,10.72,5.0217
BS-LSBAT-S240629-0608,3.456,10.98,4.177,10.49,5.0163
BS-LSBAT-S240629-0609,3.456,10.77,4.177,10.58,5.0434
BS-LSBAT-S240629-0610,3.456,11.03,4.177,10.63,5.0454
BS-LSBAT-S240629-0611,3.456,11.08,4.176,10.48,5.0391
BS-LSBAT-S240629-0612,3.456,11.32,4.176,10.62,5.0225
BS-LSBAT-S240629-0613,3.456,11.34,4.177,11.18,5.0151
BS-LSBAT-S240629-0614,3.456,10.98,4.176,10.43,5.0304
BS-LSBAT-S240629-0615,3.456,11.3,4.176,10.74,5.0154
BS-LSBAT-S240629-0616,3.456,11.29,4.176,11.12,5.0061
BS-LSBAT-S240629-0617,3.456,11.59,4.177,11.05,5.018
BS-LSBAT-S240629-0618,3.456,11.07,4.178,10.63,5.0452
BS-LSBAT-S240629-0619,3.456,11.18,4.179,10.58,5.0673
BS-LSBAT-S240629-0620,3.456,11.38,4.177,10.87,5.0467
BS-LSBAT-S240629-0621,3.455,11.2,4.178,10.67,5.0437
BS-LSBAT-S240629-0622,3.456,11.57,4.177,10.88,4.9985
BS-LSBAT-S240629-0623,3.456,11.62,4.177,10.7,5.0289
BS-LSBAT-S240629-0624,3.456,11.69,4.176,10.72,4.9921
BS-LSBAT-S240629-0625,3.456,11.3,4.178,11.02,4.9976
BS-LSBAT-S240629-0626,3.456,11.64,4.177,10.66,5.0171
BS-LSBAT-S240629-0627,3.456,11.46,4.177,11.07,5.0113
BS-LSBAT-S240629-0628,3.456,11.05,4.178,10.8,5.012
BS-LSBAT-S240629-0629,3.455,11.32,4.178,10.61,5.0433
BS-LSBAT-S240629-0630,3.456,11.18,4.177,10.81,5.0159
BS-LSBAT-S240629-0631,3.456,11.09,4.177,10.67,5.0393
BS-LSBAT-S240629-0632,3.455,11.03,4.178,10.75,5.0179
BS-LSBAT-S240629-0633,3.456,11.43,4.178,10.45,5.0515
BS-LSBAT-S240629-0634,3.457,10.74,4.178,10.55,5.0051
BS-LSBAT-S240629-0635,3.456,11.12,4.178,10.52,5.0666
BS-LSBAT-S240629-0636,3.456,11.4,4.178,10.6,5.0404
BS-LSBAT-S240629-0637,3.455,11.46,4.179,11.2,5.0087
BS-LSBAT-S240629-0638,3.456,11.47,4.177,11.04,5.0424
BS-LSBAT-S240629-0639,3.456,11.14,4.177,10.93,5.0294
BS-LSBAT-S240629-0640,3.456,11.13,4.176,10.54,5.0304
BS-LSBAT-S240629-0641,3.456,11.46,4.178,10.65,5.0479
BS-LSBAT-S240629-0642,3.456,10.68,4.178,10.73,5.0223
BS-LSBAT-S240629-0643,3.456,11.13,4.178,10.5,5.0452
BS-LSBAT-S240629-0644,3.456,11.42,4.178,10.67,5.0428
BS-LSBAT-S240629-0645,3.456,10.9,4.179,10.69,5.0061
BS-LSBAT-S240629-0646,3.456,11.17,4.177,10.63,5.0301
BS-LSBAT-S240629-0647,3.456,11.16,4.178,10.66,5.0387
BS-LSBAT-S240629-0648,3.455,11.61,4.178,11.37,5.0057
BS-LSBAT-S240629-0649,3.455,11.54,4.178,10.86,5.0365
BS-LSBAT-S240629-0650,3.455,11.48,4.179,10.65,5.0428
BS-LSBAT-S240629-0651,3.457,11.23,4.179,10.8,5.0469
BS-LSBAT-S240629-0652,3.457,11.61,4.179,11.16,5.0143
BS-LSBAT-S240629-0653,3.457,11.47,4.179,11.42,5.0112
BS-LSBAT-S240629-0654,3.453,11.47,4.178,10.74,5.0254
BS-LSBAT-S240629-0655,3.456,11.26,4.178,10.62,5.0411
BS-LSBAT-S240629-0656,3.457,11.67,4.177,11.08,5.0121
BS-LSBAT-S240629-0657,3.456,11.08,4.177,10.68,4.9727
BS-LSBAT-S240629-0658,3.455,11.27,4.177,10.46,4.9953
BS-LSBAT-S240629-0659,3.456,11.2,4.176,10.63,4.9655
BS-LSBAT-S240629-0660,3.456,11.61,4.177,10.86,4.9668
BS-LSBAT-S240629-0661,3.457,11.49,4.177,11.06,4.9855
BS-LSBAT-S240629-0662,3.457,11.67,4.176,11.22,4.9678
BS-LSBAT-S240629-0663,3.457,11.47,4.176,10.96,4.9598
BS-LSBAT-S240629-0664,3.456,11.64,4.176,10.91,4.9795
BS-LSBAT-S240629-0665,3.465,11.27,4.177,10.58,4.9784
BS-LSBAT-S240629-0666,3.457,11.5,4.178,10.69,4.9684
BS-LSBAT-S240629-0667,3.465,11.54,4.177,10.73,5.013
BS-LSBAT-S240629-0668,3.455,11.41,4.177,10.55,4.9848
BS-LSBAT-S240629-0669,3.456,11.07,4.178,10.53,4.9779
BS-LSBAT-S240629-0670,3.456,11.46,4.176,10.76,4.9746
BS-LSBAT-S240629-0671,3.456,11.54,4.177,10.6,4.9772
BS-LSBAT-S240629-0672,3.457,11.48,4.176,11.19,4.9681
BS-LSBAT-S240629-0673,3.457,11.26,4.176,11.11,5.0099
BS-LSBAT-S240629-0674,3.456,11.45,4.176,10.81,5.0218
BS-LSBAT-S240629-0675,3.456,11.44,4.176,10.7,5.0127
BS-LSBAT-S240629-0676,3.457,11.55,4.176,11.23,5.0203
BS-LSBAT-S240629-0677,3.456,11.5,4.176,10.77,5.0316
BS-LSBAT-S240629-0678,3.456,11.21,4.175,10.74,5.0029
BS-LSBAT-S240629-0679,3.456,11.13,4.176,10.64,5.0446
BS-LSBAT-S240629-0680,3.456,11.19,4.176,10.69,5.0186
BS-LSBAT-S240629-0681,3.456,11.53,4.176,10.83,5.0234
BS-LSBAT-S240629-0682,3.457,11.67,4.177,11.23,5.0114
BS-LSBAT-S240629-0683,3.457,11.6,4.177,11.26,5.0113
BS-LSBAT-S240629-0684,3.456,11.26,4.176,10.89,5.0223
BS-LSBAT-S240629-0685,3.456,11.58,4.177,10.81,5.0217
BS-LSBAT-S240629-0686,3.457,11.62,4.177,10.92,5.0032
BS-LSBAT-S240629-0687,3.456,11.44,4.176,10.88,5.0367
BS-LSBAT-S240629-0688,3.456,11.28,4.175,10.67,5.0106
BS-LSBAT-S240629-0689,3.456,11.49,4.176,10.75,5.0331
BS-LSBAT-S240629-0690,3.465,11.45,4.177,10.68,5.0364
BS-LSBAT-S240629-0691,3.456,11.61,4.175,10.56,5.034
BS-LSBAT-S240629-0692,3.457,11.44,4.177,11.09,5.0336
BS-LSBAT-S240629-0693,3.457,11.42,4.177,10.73,5.0292
BS-LSBAT-S240629-0694,3.456,11.59,4.176,10.71,4.9162
BS-LSBAT-S240629-0695,3.456,11.63,4.176,10.65,5.0212
BS-LSBAT-S240629-0696,3.457,11.31,4.176,10.74,5.0204
BS-LSBAT-S240629-0697,3.456,11.23,4.177,10.84,5.0361
BS-LSBAT-S240629-0698,3.456,11.05,4.177,10.65,5.0635
BS-LSBAT-S240629-0699,3.456,11.29,4.176,10.64,5.0502
BS-LSBAT-S240629-0700,3.456,11.37,4.176,10.7,5.0231
BS-LSBAT-S240629-0701,3.457,11.69,4.178,11.18,5.0187
BS-LSBAT-S240629-0702,3.457,11.63,4.177,11.08,5.0223
BS-LSBAT-S240629-0703,3.457,11.31,4.176,10.98,5.0486
BS-LSBAT-S240629-0704,3.456,11.36,4.175,10.67,5.0326
BS-LSBAT-S240629-0705,3.456,11.39,4.177,10.54,5.0257
BS-LSBAT-S240629-0706,3.457,11.45,4.178,10.81,5.0351
BS-LSBAT-S240629-0707,3.455,11.22,4.177,10.44,5.0299
BS-LSBAT-S240629-0708,3.456,11.22,4.177,10.48,4.998
BS-LSBAT-S240629-0709,3.456,11.3,4.179,10.67,5.0137
BS-LSBAT-S240629-0710,3.456,11.22,4.177,10.6,5.0173
BS-LSBAT-S240629-0711,3.457,11.63,4.177,11.04,4.9987
BS-LSBAT-S240629-0712,3.457,11.46,4.177,11.08,4.9875
BS-LSBAT-S240629-0713,3.457,11.31,4.179,10.66,5.0099
BS-LSBAT-S240629-0714,3.456,11.29,4.178,10.47,5.0249
BS-LSBAT-S240629-0715,3.455,11.46,4.179,10.82,5.0197
BS-LSBAT-S240629-0716,3.456,11.56,4.178,11.03,5.0103
BS-LSBAT-S240629-0717,3.455,11.5,4.178,10.63,5.0282
BS-LSBAT-S240629-0718,3.456,11.07,4.177,10.6,5.0184
BS-LSBAT-S240629-0719,3.456,11.43,4.177,10.6,5.0021
BS-LSBAT-S240629-0720,3.456,11.46,4.177,10.79,4.9792
BS-LSBAT-S240629-0721,3.457,11.51,4.179,10.56,5.0265
BS-LSBAT-S240629-0722,3.457,11.43,4.179,11.08,5.0339
BS-LSBAT-S240629-0723,3.457,11.4,4.179,10.96,5.019
BS-LSBAT-S240629-0724,3.456,11.68,4.178,10.88,5.0289
BS-LSBAT-S240629-0725,3.455,11.32,4.179,10.67,5.0259
BS-LSBAT-S240629-0726,3.456,11.41,4.178,10.58,5.0209
BS-LSBAT-S240629-0727,3.457,11.56,4.178,11.31,5.0209
BS-LSBAT-S240629-0728,3.456,11.58,4.178,10.77,5.0214
BS-LSBAT-S240629-0729,3.456,11.4,4.179,10.6,5.0364
BS-LSBAT-S240629-0730,3.455,11.49,4.179,10.63,5.0621
BS-LSBAT-S240629-0731,3.457,11.47,4.179,11.01,5.0455
BS-LSBAT-S240629-0732,3.457,11.44,4.18,11.25,5.0354
BS-LSBAT-S240629-0733,3.456,11.65,4.18,11.14,5.0497
BS-LSBAT-S240629-0734,3.455,11.36,4.18,10.62,5.0535
BS-LSBAT-S240629-0735,3.456,11.09,4.179,10.55,5.0568
BS-LSBAT-S240629-0736,3.457,11.58,4.178,10.83,5.0289
BS-LSBAT-S240629-0737,3.457,11.36,4.179,11.05,5.0152
BS-LSBAT-S240629-0738,3.456,11.52,4.179,10.99,5.0524
BS-LSBAT-S240629-0739,3.456,11.62,4.178,10.99,5.0349
BS-LSBAT-S240629-0740,3.455,11.42,4.179,10.65,5.0334
BS-LSBAT-S240629-0741,3.457,11.66,4.179,11.3,5.0289
BS-LSBAT-S240629-0742,3.457,11.59,4.178,10.88,5.0428
BS-LSBAT-S240629-0743,3.456,11.7,4.178,11.04,5.0485
BS-LSBAT-S240629-0744,3.455,11.77,4.179,10.91,5.045
BS-LSBAT-S240629-0745,3.456,11.19,4.179,10.43,5.0465
BS-LSBAT-S240629-0746,3.457,11.4,4.18,11.12,5.037
BS-LSBAT-S240629-0747,3.457,11.59,4.179,11.13,5.0455
BS-LSBAT-S240629-0748,3.456,10.91,4.18,10.47,5.0398
BS-LSBAT-S240629-0749,3.456,11.43,4.18,10.56,4.9662
BS-LSBAT-S240629-0750,3.456,11.14,4.179,10.62,5.041
BS-LSBAT-S240629-0751,3.457,11.55,4.179,11.1,5.0386
BS-LSBAT-S240629-0752,3.457,11.31,4.178,10.86,5.0204
BS-LSBAT-S240629-0753,3.456,11.63,4.178,10.96,4.9914
BS-LSBAT-S240629-0754,3.457,11.51,4.179,11.22,5.0278
BS-LSBAT-S240629-0755,3.456,10.93,4.178,10.43,5.0353
BS-LSBAT-S240629-0756,3.457,11.52,4.178,10.79,5.0059
BS-LSBAT-S240629-0757,3.457,11.36,4.179,11.0,4.9897
BS-LSBAT-S240629-0758,3.456,11.49,4.177,10.78,5.0007
BS-LSBAT-S240629-0759,3.456,11.5,4.178,10.63,4.9926
BS-LSBAT-S240629-0760,3.456,11.08,4.178,10.53,4.978
BS-LSBAT-S240629-0761,3.457,11.76,4.179,10.97,4.9969
BS-LSBAT-S240629-0762,3.457,11.52,4.18,11.02,5.0205
BS-LSBAT-S240629-0763,3.456,11.81,4.178,10.93,5.0506
BS-LSBAT-S240629-0764,3.457,11.56,4.179,11.24,5.0011
BS-LSBAT-S240629-0765,3.456,11.25,4.18,10.58,4.8087
BS-LSBAT-S240629-0766,3.457,11.4,4.179,11.0,5.0142
BS-LSBAT-S240629-0767,3.457,11.47,4.179,11.0,5.0022
BS-LSBAT-S240629-0768,3.456,11.26,4.177,10.58,5.0028
BS-LSBAT-S240629-0769,3.456,11.06,4.178,10.61,5.0
BS-LSBAT-S240629-0770,3.456,11.11,4.178,10.44,5.0024
BS-LSBAT-S240629-0771,3.457,11.47,4.179,11.1,4.9783
BS-LSBAT-S240629-0772,3.457,11.42,4.179,10.86,5.0003
BS-LSBAT-S240629-0773,3.456,11.51,4.179,10.66,5.0118
BS-LSBAT-S240629-0774,3.457,11.52,4.178,11.03,4.9932
BS-LSBAT-S240629-0775,3.456,11.0,4.179,10.4,5.0057
BS-LSBAT-S240629-0776,3.456,11.66,4.178,10.92,5.0047
BS-LSBAT-S240629-0777,3.457,11.62,4.18,10.97,5.0179
BS-LSBAT-S240629-0778,3.456,11.37,4.179,10.72,5.0158
BS-LSBAT-S240629-0779,3.456,11.56,4.179,10.56,5.0336
BS-LSBAT-S240629-0780,3.456,11.68,4.179,11.05,4.9847
BS-LSBAT-S240629-0781,3.456,11.41,4.175,10.42,5.0508
BS-LSBAT-S240629-0782,3.456,11.63,4.176,10.56,5.0534
BS-LSBAT-S240629-0783,3.456,11.38,4.176,10.66,5.0629
BS-LSBAT-S240629-0784,3.456,10.98,4.176,10.53,5.0539
BS-LSBAT-S240629-0785,3.456,11.36,4.177,10.44,5.0629
BS-LSBAT-S240629-0786,3.456,11.11,4.177,11.34,5.034
BS-LSBAT-S240629-0787,3.456,11.35,4.175,10.34,5.0596
BS-LSBAT-S240629-0788,3.455,11.13,4.176,10.47,5.0839
BS-LSBAT-S240629-0789,3.456,11.26,4.176,10.53,5.0337
BS-LSBAT-S240629-0790,3.455,11.59,4.177,10.96,5.0339
BS-LSBAT-S240629-0791,3.456,11.54,4.176,10.55,5.0438
BS-LSBAT-S240629-0792,3.457,10.84,4.176,10.31,5.0685
BS-LSBAT-S240629-0793,3.456,11.24,4.177,10.55,5.0478
BS-LSBAT-S240629-0794,3.456,11.23,4.176,10.44,5.0509
BS-LSBAT-S240629-0795,3.456,11.31,4.176,10.46,5.0569
BS-LSBAT-S240629-0796,3.456,11.66,4.175,11.14,5.0049
BS-LSBAT-S240629-0797,3.456,11.63,4.176,11.1,5.0307
BS-LSBAT-S240629-0798,3.456,11.68,4.177,11.14,5.0412
BS-LSBAT-S240629-0799,3.456,11.71,4.176,11.22,5.0276
BS-LSBAT-S240629-0800,3.456,11.61,4.177,10.78,5.0778
BS-LSBAT-S240629-0801,3.456,11.66,4.177,11.29,5.0491
BS-LSBAT-S240629-0802,3.455,11.42,4.175,10.45,5.0776
BS-LSBAT-S240629-0803,3.455,10.82,4.176,10.45,5.0771
BS-LSBAT-S240629-0804,3.455,10.79,4.175,10.45,5.0529
BS-LSBAT-S240629-0805,3.456,11.39,4.176,10.91,5.0395
BS-LSBAT-S240629-0806,3.456,11.64,4.176,10.9,5.0681
BS-LSBAT-S240629-0807,3.456,11.66,4.177,10.76,5.0527
BS-LSBAT-S240629-0808,3.456,11.72,4.177,11.01,5.0517
BS-LSBAT-S240629-0809,3.456,11.38,4.184,10.64,5.0601
BS-LSBAT-S240629-0810,3.456,11.67,4.177,11.03,5.0353
BS-LSBAT-S240629-0811,3.456,11.6,4.177,10.94,5.0569
BS-LSBAT-S240629-0812,3.456,11.23,4.175,10.42,5.076
BS-LSBAT-S240629-0813,3.455,10.8,4.178,10.42,4.8674
BS-LSBAT-S240629-0814,3.455,11.21,4.178,10.41,4.8665
BS-LSBAT-S240629-0815,3.456,11.75,4.178,11.44,4.8671
BS-LSBAT-S240629-0816,3.456,11.63,4.177,10.73,4.8665
BS-LSBAT-S240629-0817,3.456,11.6,4.179,10.89,4.8647
BS-LSBAT-S240629-0818,3.456,11.65,4.177,10.82,4.8665
BS-LSBAT-S240629-0819,3.456,11.51,4.177,10.6,4.8676
BS-LSBAT-S240629-0820,3.456,11.54,4.179,10.99,4.8702
BS-LSBAT-S240629-0821,3.456,11.52,4.179,10.86,4.7919
BS-LSBAT-S240629-0822,3.456,11.5,4.18,11.01,4.8678
BS-LSBAT-S240629-0823,3.456,10.92,4.178,10.29,4.8669
BS-LSBAT-S240629-0824,3.456,11.66,4.178,10.79,4.8662
BS-LSBAT-S240629-0825,3.456,11.62,4.185,11.12,4.8668
BS-LSBAT-S240629-0826,3.456,11.58,4.178,11.06,4.8651
BS-LSBAT-S240629-0827,3.456,11.43,4.177,10.62,4.8669
BS-LSBAT-S240629-0828,3.456,11.61,4.177,10.92,4.8679
BS-LSBAT-S240629-0829,3.456,11.52,4.177,10.57,4.9933
BS-LSBAT-S240629-0830,3.456,11.57,4.179,10.67,5.0461
BS-LSBAT-S240629-0831,3.456,11.47,4.178,10.58,5.0046
BS-LSBAT-S240629-0832,3.456,11.59,4.178,10.78,5.0244
BS-LSBAT-S240629-0833,3.456,11.64,4.178,11.23,5.0042
BS-LSBAT-S240629-0834,3.456,11.58,4.177,10.82,5.0081
BS-LSBAT-S240629-0835,3.456,11.65,4.177,10.66,5.0037
BS-LSBAT-S240629-0836,3.456,11.56,4.178,11.0,5.0331
BS-LSBAT-S240629-0837,3.456,11.64,4.178,10.93,5.0406
BS-LSBAT-S240629-0838,3.456,11.52,4.179,10.68,5.021
BS-LSBAT-S240629-0839,3.456,11.52,4.179,10.65,5.0474
BS-LSBAT-S240629-0840,3.456,11.55,4.179,10.75,5.0273
BS-LSBAT-S240629-0841,3.456,11.52,4.184,10.44,4.9275
BS-LSBAT-S240629-0842,3.456,11.52,4.177,10.71,5.024
BS-LSBAT-S240629-0843,3.456,11.53,4.179,10.48,5.0359
BS-LSBAT-S240629-0844,3.456,11.52,4.176,10.55,5.0479
BS-LSBAT-S240629-0845,3.456,11.57,4.178,11.13,5.0155
BS-LSBAT-S240629-0846,3.457,11.44,4.177,10.62,5.0136
BS-LSBAT-S240629-0847,3.456,11.03,4.177,10.51,5.0268
BS-LSBAT-S240629-0848,3.456,11.6,4.177,10.59,5.0413
BS-LSBAT-S240629-0849,3.456,11.33,4.178,10.59,4.9091
BS-LSBAT-S240629-0850,3.456,11.53,4.176,10.69,5.0226
BS-LSBAT-S240629-0851,3.456,11.26,4.176,10.74,5.0129
BS-LSBAT-S240629-0852,3.456,11.31,4.177,10.71,5.0491
BS-LSBAT-S240629-0853,3.456,11.4,4.178,10.8,5.0344
BS-LSBAT-S240629-0854,3.456,11.39,4.178,10.53,5.0497
BS-LSBAT-S240629-0855,3.456,11.28,4.178,10.75,5.0376
BS-LSBAT-S240629-0856,3.456,11.44,4.176,10.71,5.0297
BS-LSBAT-S240629-0857,3.456,11.59,4.184,10.75,4.942
BS-LSBAT-S240629-0858,3.456,11.62,4.176,10.85,5.0356
BS-LSBAT-S240629-0859,3.456,11.21,4.177,10.6,5.015
BS-LSBAT-S240629-0860,3.456,11.3,4.176,10.71,5.0204
BS-LSBAT-S240629-0861,3.456,11.54,4.178,10.48,5.0527
BS-LSBAT-S240629-0862,3.456,11.38,4.178,10.75,5.0558
BS-LSBAT-S240629-0863,3.456,11.42,4.177,10.57,5.0329
BS-LSBAT-S240629-0864,3.456,11.42,4.178,10.75,5.0419
BS-LSBAT-S240629-0865,3.456,11.38,4.179,10.54,5.0425
BS-LSBAT-S240629-0866,3.456,11.65,4.177,10.51,5.0407
BS-LSBAT-S240629-0867,3.456,11.51,4.177,10.92,5.0406
BS-LSBAT-S240629-0868,3.456,11.5,4.178,10.88,5.0528
BS-LSBAT-S240629-0869,3.456,11.72,4.18,11.13,5.0535
BS-LSBAT-S240629-0870,3.456,11.67,4.179,11.02,5.0178
BS-LSBAT-S240629-0871,3.456,11.37,4.179,10.51,5.0316
BS-LSBAT-S240629-0872,3.456,11.06,4.178,10.42,5.0671
BS-LSBAT-S240629-0873,3.456,11.59,4.185,10.97,4.9251
BS-LSBAT-S240629-0874,3.456,11.45,4.178,10.8,5.0323
BS-LSBAT-S240629-0875,3.456,11.36,4.178,10.6,5.0306
BS-LSBAT-S240629-0876,3.456,11.49,4.177,11.06,5.0295
BS-LSBAT-S240629-0877,3.456,10.87,4.176,10.62,5.0417
BS-LSBAT-S240629-0878,3.456,11.39,4.177,10.94,5.0278
BS-LSBAT-S240629-0879,3.456,11.31,4.176,10.7,5.053
BS-LSBAT-S240629-0880,3.456,11.42,4.177,10.8,4.8042
BS-LSBAT-S240629-0881,3.456,10.77,4.176,10.49,5.079
BS-LSBAT-S240629-0882,3.455,10.99,4.176,10.55,5.0492
BS-LSBAT-S240629-0883,3.456,11.58,4.177,10.87,5.0279
BS-LSBAT-S240629-0884,3.456,11.43,4.177,10.76,5.0598
BS-LSBAT-S240629-0885,3.456,11.44,4.177,11.1,5.0366
BS-LSBAT-S240629-0886,3.456,11.63,4.177,11.17,5.0366
BS-LSBAT-S240629-0887,3.456,11.26,4.178,10.62,5.0569
BS-LSBAT-S240629-0888,3.456,11.37,4.177,10.6,5.0534
BS-LSBAT-S240629-0889,3.456,11.41,4.178,10.71,5.0642
BS-LSBAT-S240629-0890,3.456,11.34,4.177,10.61,5.0384
BS-LSBAT-S240629-0891,3.455,11.2,4.176,10.54,5.0545
BS-LSBAT-S240629-0892,3.456,11.55,4.176,10.54,5.0711
BS-LSBAT-S240629-0893,3.456,11.5,4.176,10.99,5.0444
BS-LSBAT-S240629-0894,3.456,11.1,4.177,10.79,5.0582
BS-LSBAT-S240629-0895,3.456,11.62,4.176,10.84,5.0332
BS-LSBAT-S240629-0896,3.456,11.47,4.177,11.0,5.0603
BS-LSBAT-S240629-0897,3.456,11.13,4.177,10.48,5.0504
BS-LSBAT-S240629-0898,3.456,11.27,4.176,10.47,5.0401
BS-LSBAT-S240629-0899,3.456,11.3,4.176,10.56,5.0513
BS-LSBAT-S240629-0900,3.456,10.97,4.176,10.46,4.9553
BS-LSBAT-S240629-0901,3.456,11.08,4.177,10.55,5.0788
BS-LSBAT-S240629-0902,3.456,11.57,4.178,10.93,5.0288
BS-LSBAT-S240629-0903,3.456,11.0,4.177,10.5,4.9109
BS-LSBAT-S240629-0904,3.456,11.24,4.175,10.52,5.0525
BS-LSBAT-S240629-0905,3.456,11.66,4.176,11.25,5.0262
BS-LSBAT-S240629-0906,3.456,11.45,4.176,10.88,5.0398
BS-LSBAT-S240629-0907,3.456,11.11,4.175,10.5,5.0661
BS-LSBAT-S240629-0908,3.455,11.04,4.175,10.53,5.0646
BS-LSBAT-S240629-0909,3.456,10.72,4.176,10.5,5.0702
BS-LSBAT-S240629-0910,3.454,11.11,4.177,10.56,5.0974
BS-LSBAT-S240629-0911,3.456,11.0,4.177,10.64,5.0574
BS-LSBAT-S240629-0912,3.456,11.26,4.178,10.62,5.068
BS-LSBAT-S240629-0913,3.456,11.07,4.178,10.54,5.0573
BS-LSBAT-S240629-0914,3.456,10.99,4.177,10.71,5.0423
BS-LSBAT-S240629-0915,3.456,11.23,4.176,10.72,5.0476
BS-LSBAT-S240629-0916,3.456,11.02,4.178,10.66,5.0481
BS-LSBAT-S240629-0917,3.455,11.38,4.178,10.59,5.0535
BS-LSBAT-S240629-0918,3.456,11.01,4.178,10.73,5.0611
BS-LSBAT-S240629-0919,3.455,11.21,4.178,10.66,5.0756
BS-LSBAT-S240629-0920,3.455,11.24,4.176,10.65,5.0452
BS-LSBAT-S240629-0921,3.456,11.07,4.178,10.59,5.0551
BS-LSBAT-S240629-0922,3.456,11.38,4.177,10.73,5.0498
BS-LSBAT-S240629-0923,3.456,10.92,4.177,10.7,5.0596
BS-LSBAT-S240629-0924,3.455,11.06,4.176,10.78,5.0327
BS-LSBAT-S240629-0925,3.456,11.32,4.178,10.79,5.0193
BS-LSBAT-S240629-0926,3.456,11.45,4.178,10.74,5.039
BS-LSBAT-S240629-0927,3.456,11.32,4.177,10.7,5.0138
BS-LSBAT-S240629-0928,3.456,11.24,4.179,10.78,5.0342
BS-LSBAT-S240629-0929,3.456,11.12,4.178,10.75,5.0329
BS-LSBAT-S240629-0930,3.456,11.15,4.177,10.67,5.0181
BS-LSBAT-S240629-0931,3.456,11.41,4.177,10.69,5.032
BS-LSBAT-S240629-0932,3.456,11.44,4.178,10.75,5.0274
BS-LSBAT-S240629-0933,3.456,11.33,4.178,10.7,5.0233
BS-LSBAT-S240629-0934,3.456,11.15,4.179,10.74,5.0435
BS-LSBAT-S240629-0935,3.456,11.24,4.175,10.69,5.0086
BS-LSBAT-S240629-0936,3.456,11.2,4.178,10.8,5.0141
BS-LSBAT-S240629-0937,3.456,11.16,4.179,10.72,4.8706
BS-LSBAT-S240629-0938,3.456,11.18,4.176,10.7,5.0267
BS-LSBAT-S240629-0939,3.455,11.26,4.177,10.78,5.0466
BS-LSBAT-S240629-0940,3.455,11.26,4.176,10.79,5.0363
BS-LSBAT-S240629-0941,3.456,11.13,4.177,10.74,5.0522
BS-LSBAT-S240629-0942,3.456,11.28,4.178,10.68,5.0294
BS-LSBAT-S240629-0943,3.456,10.96,4.178,10.69,5.0343
BS-LSBAT-S240629-0944,3.456,11.46,4.178,10.83,5.0588
BS-LSBAT-S240629-0945,3.456,11.29,4.178,10.76,5.0291
BS-LSBAT-S240629-0946,3.456,11.1,4.177,10.79,5.0187
BS-LSBAT-S240629-0947,3.456,11.38,4.177,10.73,5.0309
BS-LSBAT-S240629-0948,3.456,11.2,4.179,10.65,5.047
BS-LSBAT-S240629-0949,3.456,11.43,4.178,10.73,5.0262
BS-LSBAT-S240629-0950,3.456,11.04,4.179,10.65,5.0456
BS-LSBAT-S240629-0951,3.456,11.2,4.178,10.74,5.0632
BS-LSBAT-S240629-0952,3.456,11.07,4.178,10.71,5.031
BS-LSBAT-S240629-0953,3.456,11.17,4.179,10.71,5.0592
BS-LSBAT-S240629-0954,3.456,11.3,4.178,10.72,5.0458
BS-LSBAT-S240629-0955,3.456,11.18,4.178,10.72,5.0186
BS-LSBAT-S240629-0956,3.456,11.06,4.177,10.73,5.0191
BS-LSBAT-S240629-0957,3.455,11.21,4.177,10.72,5.045
BS-LSBAT-S240629-0958,3.456,11.3,4.176,10.66,5.0538
BS-LSBAT-S240629-0959,3.455,11.16,4.177,10.65,5.0357
BS-LSBAT-S240629-0960,3.455,11.13,4.176,10.64,5.0566
BS-LSBAT-S240629-0961,3.456,11.21,4.178,10.77,5.0616
BS-LSBAT-S240629-0962,3.456,11.28,4.176,10.74,5.0367
BS-LSBAT-S240629-0963,3.456,11.18,4.176,10.76,5.0537
BS-LSBAT-S240629-0964,3.456,11.21,4.177,10.71,5.0528
BS-LSBAT-S240629-0965,3.456,11.21,4.177,10.77,5.0543
BS-LSBAT-S240629-0966,3.456,11.21,4.178,10.75,5.0625
BS-LSBAT-S240629-0967,3.456,11.36,4.177,10.55,5.0624
BS-LSBAT-S240629-0968,3.456,11.37,4.177,10.79,5.0435
BS-LSBAT-S240629-0969,3.456,11.21,4.178,10.76,5.0545
BS-LSBAT-S240629-0970,3.456,11.22,4.177,10.69,5.0439
BS-LSBAT-S240629-0971,3.455,11.34,4.177,10.71,5.0438
BS-LSBAT-S240629-0972,3.456,11.05,4.175,10.74,5.0746
BS-LSBAT-S240629-0973,3.456,11.2,4.178,10.69,5.0557
BS-LSBAT-S240629-0974,3.456,11.31,4.179,10.69,5.0417
BS-LSBAT-S240629-0975,3.456,11.15,4.178,10.69,5.0415
BS-LSBAT-S240629-0976,3.456,11.11,4.179,10.66,5.0569
BS-LSBAT-S240629-0977,3.456,11.34,4.179,10.81,5.0625
BS-LSBAT-S240629-0978,3.456,11.17,4.177,10.69,5.0443
BS-LSBAT-S240629-0979,3.456,11.41,4.178,10.69,5.0426
BS-LSBAT-S240629-0980,3.456,11.33,4.178,10.7,5.0473
BS-LSBAT-S240629-0981,3.456,11.33,4.179,10.66,5.0573
BS-LSBAT-S240629-0982,3.456,11.35,4.179,10.76,5.0443
BS-LSBAT-S240629-0983,3.455,11.2,4.178,10.66,5.0569
BS-LSBAT-S240629-0984,3.454,10.99,4.178,10.74,5.0486
BS-LSBAT-S240629-0985,3.455,11.35,4.178,10.79,5.0476
BS-LSBAT-S240629-0986,3.455,11.36,4.179,10.72,5.0683
BS-LSBAT-S240629-0987,3.456,11.09,4.178,10.66,5.0324
BS-LSBAT-S240629-0988,3.456,11.42,4.177,10.66,5.0246
BS-LSBAT-S240629-0989,3.456,11.16,4.178,10.7,5.05
BS-LSBAT-S240629-0990,3.456,11.03,4.179,10.69,5.032
BS-LSBAT-S240629-0991,3.456,11.43,4.178,10.76,5.0435
BS-LSBAT-S240629-0992,3.456,11.19,4.18,10.8,5.0484
BS-LSBAT-S240629-0993,3.456,11.21,4.18,10.48,5.0353
BS-LSBAT-S240629-0994,3.456,11.31,4.178,10.64,5.0287
BS-LSBAT-S240629-0995,3.456,11.37,4.177,10.71,5.0532
BS-LSBAT-S240629-0996,3.456,11.42,4.178,10.79,5.0748
BS-LSBAT-S240629-0997,3.456,11.36,4.179,10.69,5.0717
BS-LSBAT-S240629-0998,3.456,11.1,4.179,10.69,5.044
BS-LSBAT-S240629-0999,3.456,11.16,4.178,10.64,5.0572
BS-LSBAT-S240629-1000,3.456,11.08,4.179,10.55,5.0481
BS-LSBAT-S240629-1001,3.456,11.19,4.18,10.68,5.0484
BS-LSBAT-S240629-1002,3.456,11.31,4.178,10.74,5.0661
BS-LSBAT-S240629-1003,3.456,11.0,4.178,10.61,5.0307
BS-LSBAT-S240629-1004,3.455,10.86,4.177,10.64,5.0318
BS-LSBAT-S240629-1005,3.455,11.3,4.179,10.72,5.0249
BS-LSBAT-S240629-1006,3.455,11.35,4.179,10.59,5.008
BS-LSBAT-S240629-1007,3.456,11.02,4.178,10.55,5.0072
BS-LSBAT-S240629-1008,3.456,11.24,4.179,10.72,5.025
BS-LSBAT-S240629-1009,3.456,11.18,4.18,10.69,5.0171
BS-LSBAT-S240629-1010,3.456,11.12,4.178,10.62,5.0087
BS-LSBAT-S240629-1011,3.456,11.32,4.178,10.8,5.0096
BS-LSBAT-S240629-1012,3.456,11.26,4.179,10.7,5.0403
BS-LSBAT-S240629-1013,3.456,10.95,4.178,10.65,5.0293
BS-LSBAT-S240629-1014,3.456,11.22,4.179,10.5,5.0252
BS-LSBAT-S240629-1015,3.456,11.41,4.179,10.68,5.0365
BS-LSBAT-S240629-1016,3.456,11.22,4.179,10.7,5.0266
BS-LSBAT-S240629-1017,3.456,11.32,4.179,10.5,5.0418
BS-LSBAT-S240629-1018,3.456,11.05,4.177,10.53,5.0426
BS-LSBAT-S240629-1019,3.456,11.19,4.177,10.68,5.0061
BS-LSBAT-S240629-1020,3.456,11.23,4.178,10.55,5.0083
BS-LSBAT-S240629-1021,3.456,11.15,4.178,10.82,5.0213
BS-LSBAT-S240629-1022,3.456,11.51,4.179,10.69,5.0199
BS-LSBAT-S240629-1023,3.456,11.06,4.178,10.63,5.0163
BS-LSBAT-S240629-1024,3.455,11.41,4.179,10.64,5.0508
BS-LSBAT-S240629-1025,3.455,11.33,4.179,10.67,5.0463
BS-LSBAT-S240629-1026,3.456,11.21,4.177,10.71,5.0292
BS-LSBAT-S240629-1027,3.456,11.14,4.178,10.55,5.0127
BS-LSBAT-S240629-1028,3.456,11.44,4.18,10.89,4.9995
BS-LSBAT-S240629-1029,3.456,11.24,4.179,10.65,5.0159
BS-LSBAT-S240629-1030,3.456,11.17,4.179,10.68,5.0093
BS-LSBAT-S240629-1031,3.456,11.03,4.179,10.87,5.0375
BS-LSBAT-S240629-1032,3.456,11.26,4.178,10.85,5.0309
BS-LSBAT-S240629-1033,3.456,11.34,4.179,10.67,5.0414
BS-LSBAT-S240629-1034,3.456,11.34,4.178,10.63,5.0481
BS-LSBAT-S240629-1035,3.456,10.98,4.178,10.64,5.0333
BS-LSBAT-S240629-1036,3.456,11.39,4.177,10.72,5.0045
BS-LSBAT-S240629-1037,3.456,11.34,4.178,10.78,5.0248
BS-LSBAT-S240629-1038,3.456,11.32,4.179,10.78,5.0516
BS-LSBAT-S240629-1039,3.456,11.15,4.179,10.59,5.0448
BS-LSBAT-S240629-1040,3.456,11.01,4.178,10.67,5.0255
